LOCATION,IF_INCLUDE,IF_NAME_ERROR,STATE,COMFIRMED_COMFIRMED,ADDED,DEATH,DEATH_ADDED,CONCA,GEOID,Pop,HospitalBeds
category New York,1,#N/A,New York,20885,3969,158,6,category New York New York,#N/A,#N/A,#N/A
New York,0,#N/A,New York,12305,1541,99,1,New York New York,360000,8175133,24245
Westchester,0,#N/A,New York,2894,1021,0,,Westchester New York,36119,949113,3235
Nassau,0,#N/A,New York,2442,542,4,,Nassau New York,36059,1339532,4181
Suffolk,0,#N/A,New York,1458,424,13,1,Suffolk New York,36103,1493350,3583
Rockland,0,#N/A,New York,592,137,1,,Rockland New York,36087,311687,791
Orange,0,#N/A,New York,389,142,0,,Orange New York,36071,372813,902
Albany,0,#N/A,New York,127,4,0,,Albany New York,36001,304204,1381
Unassigned,2,#N/A,New York,107,84,36,2,Unassigned New York,#N/A,#N/A,#N/A
Dutchess,0,#N/A,New York,100,18,1,,Dutchess New York,36027,297488,676
Erie,0,#N/A,New York,87,31,0,,Erie New York,36029,919040,2788
Monroe,0,#N/A,New York,81,13,2,1,Monroe New York,36055,744344,2009
Onondaga,0,#N/A,New York,53,8,0,,Onondaga New York,36067,467026,1672
Saratoga,0,#N/A,New York,35,,0,,Saratoga New York,36091,219607,259
Schenectady,0,#N/A,New York,32,,0,,Schenectady New York,36093,154727,538
Putnam,0,#N/A,New York,31,,0,,Putnam New York,36079,99710,164
Rensselaer,0,#N/A,New York,20,,0,,Rensselaer New York,36083,159429,423
Ulster,0,#N/A,New York,18,,0,,Ulster New York,36111,182493,325
Columbia,0,#N/A,New York,17,,0,,Columbia New York,36021,63096,192
Tompkins,0,#N/A,New York,15,,0,,Tompkins New York,36109,101564,212
Sullivan,0,#N/A,New York,12,,0,,Sullivan New York,36105,77547,169
Niagara,0,#N/A,New York,9,,0,,Niagara New York,36063,216469,623
Steuben,0,#N/A,New York,5,1,0,,Steuben New York,36101,98990,115
Oneida,0,#N/A,New York,5,1,0,,Oneida New York,36065,234878,725
Ontario,0,#N/A,New York,4,,0,,Ontario New York,36069,107931,399
Clinton,0,#N/A,New York,4,,0,,Clinton New York,36019,82128,300
Wayne,0,#N/A,New York,3,,0,,Wayne New York,36117,93772,120
Montgomery,0,#N/A,New York,3,,0,,Montgomery New York,36057,50219,130
Herkimer,0,#N/A,New York,3,,0,,Herkimer New York,36043,64519,25
Essex,0,#N/A,New York,3,,0,,Essex New York,36031,39370,40
Broome,0,#N/A,New York,3,,1,,Broome New York,36007,200600,742
Chemung,0,#N/A,New York,2,,0,,Chemung New York,36015,88830,391
Oswego,0,#N/A,New York,2,,0,,Oswego New York,36075,122109,158
Cortland,0,#N/A,New York,2,,0,,Cortland New York,36023,49336,162
Livingston,0,#N/A,New York,2,,0,,Livingston New York,36051,65393,67
Hamilton,0,#N/A,New York,2,,0,,Hamilton New York,36041,4836,0
Chenango,0,#N/A,New York,2,,0,,Chenango New York,36017,50477,58
Allegany,0,#N/A,New York,2,,0,,Allegany New York,36003,48946,76
Greene,0,#N/A,New York,2,,0,,Greene New York,36039,49221,0
Wyoming,0,#N/A,New York,2,,1,1,Wyoming New York,36121,42155,62
Schoharie,0,#N/A,New York,1,,0,,Schoharie New York,36095,32749,40
Fulton,0,#N/A,New York,1,,0,,Fulton New York,36035,55531,74
Jefferson,0,#N/A,New York,1,,0,,Jefferson New York,36045,116229,344
Washington,0,#N/A,New York,1,,0,,Washington New York,36115,63216,0
Warren,0,#N/A,New York,1,,0,,Warren New York,36113,65707,410
Delaware,0,#N/A,New York,1,,0,,Delaware New York,36025,47980,67
Tioga,0,#N/A,New York,1,,0,,Tioga New York,36107,51125,0
Genesee,0,#N/A,New York,1,,0,,Genesee New York,36037,60079,131
Madison,0,#N/A,New York,1,1,0,,Madison New York,36053,73442,126
Otsego,0,#N/A,New York,1,1,0,,Otsego New York,36077,62259,240
category New Jersey,1,#N/A,New Jersey,2844,930,27,6,category New Jersey New Jersey,#N/A,#N/A,#N/A
Bergen,0,#N/A,New Jersey,609,152,6,,Bergen New Jersey,34003,905116,3019
Unassigned,2,#N/A,New Jersey,419,198,9,6,Unassigned New Jersey,#N/A,#N/A,#N/A
Essex,0,#N/A,New Jersey,273,101,4,,Essex New Jersey,34013,783969,4007
Monmouth,0,#N/A,New Jersey,238,80,3,,Monmouth New Jersey,34025,630380,2176
Middlesex,0,#N/A,New Jersey,210,63,0,,Middlesex New Jersey,34023,809858,2657
Hudson,0,#N/A,New Jersey,190,64,1,,Hudson New Jersey,34017,634266,1878
Union,0,#N/A,New Jersey,189,65,0,,Union New Jersey,34039,536499,1521
Morris,0,#N/A,New Jersey,177,58,1,,Morris New Jersey,34027,492276,2005
Ocean,0,#N/A,New Jersey,144,42,1,,Ocean New Jersey,34029,576567,1522
Passaic,0,#N/A,New Jersey,141,46,0,,Passaic New Jersey,34031,501226,1187
Somerset,0,#N/A,New Jersey,67,16,1,,Somerset New Jersey,34035,323444,759
Mercer,0,#N/A,New Jersey,50,10,0,,Mercer New Jersey,34021,366513,1690
Burlington,0,#N/A,New Jersey,36,10,0,,Burlington New Jersey,34005,448734,1112
Camden,0,#N/A,New Jersey,33,11,1,,Camden New Jersey,34007,513657,2518
Hunterdon,0,#N/A,New Jersey,18,2,0,,Hunterdon New Jersey,34019,128349,184
Sussex,0,#N/A,New Jersey,15,3,0,,Sussex New Jersey,34037,149265,146
Gloucester,0,#N/A,New Jersey,13,5,0,,Gloucester New Jersey,34015,288288,609
Warren,0,#N/A,New Jersey,12,3,0,,Warren New Jersey,34041,108692,309
Atlantic,0,#N/A,New Jersey,6,1,0,,Atlantic New Jersey,34001,274549,1414
Cape May,0,#N/A,New Jersey,2,,0,,Cape May New Jersey,34009,97265,242
Cumberland,0,#N/A,New Jersey,1,,0,,Cumberland New Jersey,34011,156898,511
Salem,0,#N/A,New Jersey,1,,0,,Salem New Jersey,34033,66083,222
category Washington,1,#N/A,Washington,2221,225,111,16,category Washington Washington,#N/A,#N/A,#N/A
King,0,#N/A,Washington,1170,130,87,12,King Washington,53033,1931249,5433
Snohomish,0,#N/A,Washington,519,39,11,1,Snohomish Washington,53061,713335,786
Pierce,0,#N/A,Washington,126,19,1,,Pierce Washington,53053,795225,2408
Unassigned,2,#N/A,Washington,114,,0,,Unassigned Washington,#N/A,#N/A,#N/A
Whatcom,0,#N/A,Washington,48,,2,,Whatcom Washington,53073,201140,253
Skagit,0,#N/A,Washington,45,1,1,1,Skagit Washington,53057,116901,205
Spokane,0,#N/A,Washington,29,9,0,,Spokane Washington,53063,471221,1847
Yakima,0,#N/A,Washington,25,9,0,,Yakima Washington,53077,243231,528
Island,0,#N/A,Washington,25,4,1,,Island Washington,53029,78506,76
Grant,0,#N/A,Washington,23,,1,,Grant Washington,53025,89120,186
Kitsap,0,#N/A,Washington,18,,0,,Kitsap Washington,53035,251133,381
Clark,0,#N/A,Washington,13,3,4,1,Clark Washington,53011,425363,580
Thurston,0,#N/A,Washington,11,,0,,Thurston Washington,53067,252264,474
Benton,0,#N/A,Washington,9,2,3,1,Benton Washington,53005,175177,447
Jefferson,0,#N/A,Washington,6,,0,,Jefferson Washington,53031,29872,25
Chelan,0,#N/A,Washington,6,3,0,,Chelan Washington,53007,72453,251
Franklin,0,#N/A,Washington,5,2,0,,Franklin Washington,53021,78163,106
Kittitas,0,#N/A,Washington,5,1,0,,Kittitas Washington,53037,40915,25
Klickitat,0,#N/A,Washington,4,,0,,Klickitat Washington,53039,20318,42
Clallam,0,#N/A,Washington,4,,0,,Clallam Washington,53009,71404,163
Cowlitz,0,#N/A,Washington,3,,0,,Cowlitz Washington,53015,102410,202
Lewis,0,#N/A,Washington,2,,0,,Lewis Washington,53041,75455,125
Whitman,0,#N/A,Washington,2,1,0,,Whitman Washington,53075,44776,50
Columbia,0,#N/A,Washington,1,,0,,Columbia Washington,53013,4078,25
Douglas,0,#N/A,Washington,1,1,0,,Douglas Washington,53017,38431,0
Walla Walla County,0,Walla Walla Washington,Washington,1,,0,,Walla Walla County Washington,53071,58781,316
Grays Harbor,0,#N/A,Washington,1,,0,,Grays Harbor Washington,53027,72797,130
Stevens,0,#N/A,Washington,1,,0,,Stevens Washington,53065,43531,90
San Juan,0,#N/A,Washington,1,,0,,San Juan Washington,53055,15769,25
Mason,0,#N/A,Washington,1,,0,,Mason Washington,53045,60699,25
Adams,0,#N/A,Washington,1,1,0,,Adams Washington,53001,18728,57
Lincoln,0,#N/A,Washington,1,,0,,Lincoln Washington,53043,10570,85
category California,1,#N/A,California,2203,387,43,8,category California California,#N/A,#N/A,#N/A
Los Angeles,0,#N/A,California,540,131,8,3,Los Angeles California,06037,9818605,28383
Santa Clara,0,#N/A,California,321,19,13,3,Santa Clara California,06085,1781642,3831
San Diego,0,#N/A,California,226,25,1,,San Diego California,06073,3095313,7623
San Mateo,0,#N/A,California,142,25,1,,San Mateo California,06081,718451,1781
San Francisco,0,#N/A,California,131,23,0,,San Francisco California,06075,805235,4733
Orange,0,#N/A,California,125,30,0,,Orange California,06059,3010232,7902
Alameda,0,#N/A,California,122,16,1,1,Alameda California,06001,1510271,3833
Sacramento,0,#N/A,California,88,35,4,1,Sacramento California,06067,1418788,3500
Contra Costa,0,#N/A,California,71,10,1,,Contra Costa California,06013,1049025,1804
San Joaquin,0,#N/A,California,51,10,2,,San Joaquin California,06077,685306,1256
Riverside,0,#N/A,California,46,3,6,,Riverside California,06065,2189641,3945
Marin,0,#N/A,California,38,,0,,Marin California,06041,252409,458
Ventura,0,#N/A,California,35,5,1,,Ventura California,06111,823318,1660
San Luis Obispo,0,#N/A,California,33,6,0,,San Luis Obispo California,06079,269637,1747
Sonoma,0,#N/A,California,29,2,1,,Sonoma California,06097,483878,1956
Santa Cruz,0,#N/A,California,22,7,0,,Santa Cruz California,06087,262382,375
Solano,0,#N/A,California,21,7,0,,Solano California,06095,413344,749
Placer,0,#N/A,California,20,8,1,,Placer California,06061,348432,748
Santa Barbara,0,#N/A,California,18,,0,,Santa Barbara California,06083,423895,1054
San Bernardino,0,#N/A,California,17,,0,,San Bernardino California,06071,2035210,5906
Tulare,0,#N/A,California,16,4,0,,Tulare California,06107,442179,2086
Monterey,0,#N/A,California,14,3,1,,Monterey California,06053,415057,793
Kern,0,#N/A,California,12,7,0,,Kern California,06029,839631,1833
Stanislaus,0,#N/A,California,10,2,0,,Stanislaus California,06099,514453,1584
Fresno,0,#N/A,California,6,,0,,Fresno California,06019,930450,3551
Madera,0,#N/A,California,6,3,0,,Madera California,06039,150865,462
Yolo,0,#N/A,California,6,,1,,Yolo California,06113,200849,156
Imperial,0,#N/A,California,6,,0,,Imperial California,06025,174528,268
San Benito,0,#N/A,California,6,1,1,,San Benito California,06069,55269,181
Nevada,0,#N/A,California,3,2,0,,Nevada California,06057,98764,176
Yuba,0,#N/A,California,3,,0,,Yuba California,06115,72155,173
Humboldt,0,#N/A,California,2,,0,,Humboldt California,06023,134623,299
Shasta,0,#N/A,California,2,1,0,,Shasta California,06089,177223,748
Amador,0,#N/A,California,2,1,0,,Amador California,06005,38091,52
El Dorado,0,#N/A,California,2,,0,,El Dorado California,06017,181058,240
Siskiyou,0,#N/A,California,2,,0,,Siskiyou California,06093,44900,61
Calaveras,0,#N/A,California,2,,0,,Calaveras California,06009,45578,48
Butte,0,#N/A,California,2,1,0,,Butte California,06007,220000,592
Napa,0,#N/A,California,2,,0,,Napa California,06055,136484,1780
Merced,0,#N/A,California,1,,0,,Merced California,06047,255793,246
Mono,0,#N/A,California,1,,0,,Mono California,06051,14202,17
Mendocino,0,#N/A,California,1,,0,,Mendocino California,06045,87841,141
category Michigan,1,#N/A,Michigan,1329,291,15,6,category Michigan Michigan,#N/A,#N/A,#N/A
Wayne,0,#N/A,Michigan,638,161,8,3,Wayne Michigan,26163,1820584,6009
Oakland,0,#N/A,Michigan,329,52,4,2,Oakland Michigan,26125,1202362,4435
Macomb,0,#N/A,Michigan,175,35,2,1,Macomb Michigan,26099,840978,1119
Washtenaw,0,#N/A,Michigan,42,7,0,,Washtenaw Michigan,26161,344791,1719
Kent,0,#N/A,Michigan,28,6,1,,Kent Michigan,26081,602622,1840
Genesee,0,#N/A,Michigan,23,9,0,,Genesee Michigan,26049,425790,1169
Ingham,0,#N/A,Michigan,12,1,0,,Ingham Michigan,26065,280895,1093
Ottawa,0,#N/A,Michigan,11,5,0,,Ottawa Michigan,26139,263801,311
Livingston,0,#N/A,Michigan,9,1,0,,Livingston Michigan,26093,180967,177
St. Clair,0,#N/A,Michigan,7,,0,,St. Clair Michigan,26147,163040,398
Monroe,0,#N/A,Michigan,7,1,0,,Monroe Michigan,26115,152021,217
Berrien,0,#N/A,Michigan,5,2,0,,Berrien Michigan,26021,156813,512
Midland,0,#N/A,Michigan,5,,0,,Midland Michigan,26111,83629,308
Out of State,2,#N/A,Michigan,4,2,0,,Out of State Michigan,#N/A,#N/A,#N/A
Calhoun,0,#N/A,Michigan,3,1,0,,Calhoun Michigan,26025,136146,291
Kalamazoo,0,#N/A,Michigan,3,3,0,,Kalamazoo Michigan,26077,250331,821
Otsego,0,#N/A,Michigan,3,2,0,,Otsego Michigan,26137,24164,46
Bay,0,#N/A,Michigan,2,1,0,,Bay Michigan,26017,107771,389
Eaton,0,#N/A,Michigan,2,,0,,Eaton Michigan,26045,107759,45
Saginaw,0,#N/A,Michigan,2,,0,,Saginaw Michigan,26145,200169,968
Charlevoix,0,#N/A,Michigan,2,,0,,Charlevoix Michigan,26029,25949,25
Clinton,0,#N/A,Michigan,2,,0,,Clinton Michigan,26037,75382,25
Allegan,0,#N/A,Michigan,1,,0,,Allegan Michigan,26005,111408,68
Clare,0,#N/A,Michigan,1,,0,,Clare Michigan,26035,30926,49
Montcalm,0,#N/A,Michigan,1,,0,,Montcalm Michigan,26117,63342,148
Jackson,0,#N/A,Michigan,1,,0,,Jackson Michigan,26075,160248,389
Leelanau,0,#N/A,Michigan,1,,0,,Leelanau Michigan,26089,21708,0
Barry,0,#N/A,Michigan,1,,0,,Barry Michigan,26015,59173,49
Tuscola,0,#N/A,Michigan,1,,0,,Tuscola Michigan,26157,55729,50
Gladwin,0,#N/A,Michigan,1,,0,,Gladwin Michigan,26051,25692,25
Emmet,0,#N/A,Michigan,1,,0,,Emmet Michigan,26047,32694,178
Grand Traverse,0,#N/A,Michigan,1,,0,,Grand Traverse Michigan,26055,86986,377
Roscommon,0,#N/A,Michigan,1,,0,,Roscommon Michigan,26143,24449,0
Chippewa,0,#N/A,Michigan,1,,0,,Chippewa Michigan,26033,38520,82
Muskegon,0,#N/A,Michigan,1,1,0,,Muskegon Michigan,26121,172188,413
Wexford,0,#N/A,Michigan,1,,0,,Wexford Michigan,26165,32735,49
Newaygo,0,#N/A,Michigan,1,1,0,,Newaygo Michigan,26123,48460,25
category Illinois,1,#N/A,Illinois,1285,235,12,5,category Illinois Illinois,#N/A,#N/A,#N/A
Cook,0,#N/A,Illinois,922,117,9,5,Cook Illinois,17031,5194675,17992
Lake,0,#N/A,Illinois,96,27,0,,Lake Illinois,17097,703462,968
DuPage,0,#N/A,Illinois,95,16,0,,DuPage Illinois,17043,916924,1880
Unassigned,2,#N/A,Illinois,63,61,0,,Unassigned Illinois,#N/A,#N/A,#N/A
Will,0,#N/A,Illinois,24,3,1,,Will Illinois,17197,677560,917
Kane,0,#N/A,Illinois,18,5,0,,Kane Illinois,17089,515269,1101
McHenry,0,#N/A,Illinois,12,,0,,McHenry Illinois,17111,308760,343
McLean,0,#N/A,Illinois,7,1,1,,McLean Illinois,17113,169572,200
Winnebago,0,#N/A,Illinois,5,1,0,,Winnebago Illinois,17201,295266,907
Kendall,0,#N/A,Illinois,4,,0,,Kendall Illinois,17093,114736,0
St. Clair,0,#N/A,Illinois,4,1,0,,St. Clair Illinois,17163,270056,818
Sangamon,0,#N/A,Illinois,4,,1,,Sangamon Illinois,17167,197465,1045
Peoria,0,#N/A,Illinois,3,,0,,Peoria Illinois,17143,186494,1122
Kankakee,0,#N/A,Illinois,3,1,0,,Kankakee Illinois,17091,113449,468
Clinton,0,#N/A,Illinois,3,,0,,Clinton Illinois,17027,37762,0
Champaign,0,#N/A,Illinois,3,,0,,Champaign Illinois,17019,201081,549
Madison,0,#N/A,Illinois,2,,0,,Madison Illinois,17119,269282,943
LaSalle,0,#N/A,Illinois,2,1,0,,LaSalle Illinois,17099,113924,244
Woodford,0,#N/A,Illinois,2,,0,,Woodford Illinois,17203,38664,18
Monroe,0,#N/A,Illinois,1,1,0,,Monroe Illinois,17133,32957,0
Washington,0,#N/A,Illinois,1,,0,,Washington Illinois,17189,14716,0
Adams,0,#N/A,Illinois,1,,0,,Adams Illinois,17001,67103,335
Whiteside,0,#N/A,Illinois,1,,0,,Whiteside Illinois,17195,58498,135
Christian,0,#N/A,Illinois,1,,0,,Christian Illinois,17021,34800,67
Williamson,0,#N/A,Illinois,1,,0,,Williamson Illinois,17199,66357,431
DeKalb,0,#N/A,Illinois,1,,0,,DeKalb Illinois,17037,105160,191
Cumberland,0,#N/A,Illinois,1,,0,,Cumberland Illinois,17035,11048,0
Jo Daviess,0,#N/A,Illinois,1,,0,,Jo Daviess Illinois,17085,22678,25
Stephenson,0,#N/A,Illinois,1,,0,,Stephenson Illinois,17177,47711,100
Livingston,0,#N/A,Illinois,1,,0,,Livingston Illinois,17105,38950,42
Rock Island,0,#N/A,Illinois,1,,0,,Rock Island Illinois,17161,147546,444
Jackson,0,#N/A,Illinois,1,,0,,Jackson Illinois,17077,60218,184
category Florida,1,#N/A,Florida,1227,223,18,4,category Florida Florida,#N/A,#N/A,#N/A
Miami-Dade,0,#N/A,Florida,278,51,0,,Miami-Dade Florida,12086,2496435,9965
Broward,0,#N/A,Florida,263,46,3,,Broward Florida,12011,1748066,6715
Palm Beach,0,#N/A,Florida,89,17,3,2,Palm Beach Florida,12099,1320134,4993
Hillsborough,0,#N/A,Florida,75,17,0,,Hillsborough Florida,12057,1229226,4857
Duval,0,#N/A,Florida,50,11,1,,Duval Florida,12031,864263,4071
Orange,0,#N/A,Florida,48,15,2,,Orange Florida,12095,1145956,4751
Pinellas,0,#N/A,Florida,41,3,0,,Pinellas Florida,12103,916542,4119
Collier,0,#N/A,Florida,39,6,0,,Collier Florida,12021,321520,1051
Alachua,0,#N/A,Florida,36,1,0,,Alachua Florida,12001,247336,1765
Lee,0,#N/A,Florida,30,4,2,,Lee Florida,12071,618754,2240
Osceola,0,#N/A,Florida,25,1,0,,Osceola Florida,12097,268685,997
Seminole,0,#N/A,Florida,22,3,0,,Seminole Florida,12117,422718,965
Sarasota,0,#N/A,Florida,21,4,0,,Sarasota Florida,12115,379448,1618
St. Johns,0,#N/A,Florida,18,2,0,,St. Johns Florida,12109,190039,335
Volusia,0,#N/A,Florida,16,2,0,,Volusia Florida,12127,494593,2042
Manatee,0,#N/A,Florida,15,2,1,,Manatee Florida,12081,322833,806
Pasco,0,#N/A,Florida,14,3,1,,Pasco Florida,12101,464697,1440
Okaloosa,0,#N/A,Florida,14,,0,,Okaloosa Florida,12091,180822,673
Polk,0,#N/A,Florida,13,2,0,,Polk Florida,12105,602095,1793
Indian River,0,#N/A,Florida,10,2,0,,Indian River Florida,12061,138028,612
Walton,0,#N/A,Florida,9,5,0,,Walton Florida,12131,55043,108
Lake,0,#N/A,Florida,9,3,0,,Lake Florida,12069,297052,897
Escambia,0,#N/A,Florida,9,5,0,,Escambia Florida,12033,297619,1276
Citrus,0,#N/A,Florida,9,1,0,,Citrus Florida,12017,141236,332
Clay,0,#N/A,Florida,8,1,2,1,Clay Florida,12019,190865,416
Sumter,0,#N/A,Florida,8,3,0,,Sumter Florida,12119,93420,339
Brevard,0,#N/A,Florida,7,,0,,Brevard Florida,12009,543376,1768
Leon,0,#N/A,Florida,6,1,1,,Leon Florida,12073,275487,1208
St. Lucie,0,#N/A,Florida,5,2,0,,St. Lucie Florida,12111,277789,836
Hernando,0,#N/A,Florida,5,,0,,Hernando Florida,12053,172778,620
Martin,0,#N/A,Florida,4,2,0,,Martin Florida,12085,146318,558
Marion,0,#N/A,Florida,4,1,0,,Marion Florida,12083,331298,919
Santa Rosa,0,#N/A,Florida,4,1,1,,Santa Rosa Florida,12113,151372,385
Baker,0,#N/A,Florida,3,1,0,,Baker Florida,12003,27115,1163
Flagler,0,#N/A,Florida,3,2,0,,Flagler Florida,12035,95696,99
Charlotte,0,#N/A,Florida,3,1,0,,Charlotte Florida,12015,159978,823
Putnam,0,#N/A,Florida,2,,0,,Putnam Florida,12107,74364,99
Monroe,0,#N/A,Florida,2,1,0,,Monroe Florida,12087,73090,148
Highlands,0,#N/A,Florida,2,1,0,,Highlands Florida,12055,98786,323
Columbia,0,#N/A,Florida,2,,0,,Columbia Florida,12023,67531,346
Bay,0,#N/A,Florida,1,,0,,Bay Florida,12005,168852,752
Nassau,0,#N/A,Florida,1,,0,,Nassau Florida,12089,73314,54
Gadsden,0,#N/A,Florida,1,,0,,Gadsden Florida,12039,46389,1253
Bradford,0,#N/A,Florida,1,,0,,Bradford Florida,12007,28520,25
Desoto,0,#N/A,Florida,1,,0,,Desoto Florida,12027,34862,49
Jackson,0,#N/A,Florida,1,,0,,Jackson Florida,12063,49746,87
Unassigned,2,#N/A,Florida,0,,1,1,Unassigned Florida,#N/A,#N/A,#N/A
category Louisiana,1,#N/A,Louisiana,1172,335,35,16,category Louisiana Louisiana,#N/A,#N/A,#N/A
Orleans,0,#N/A,Louisiana,567,116,20,5,Orleans Louisiana,22071,343829,1647
Jefferson,0,#N/A,Louisiana,252,68,5,2,Jefferson Louisiana,22051,432552,1628
St. Tammany,0,#N/A,Louisiana,47,22,0,,St. Tammany Louisiana,22103,233740,946
East Baton Rouge,0,#N/A,Louisiana,43,23,2,2,East Baton Rouge Louisiana,22033,440171,2055
Caddo,0,#N/A,Louisiana,34,18,0,,Caddo Louisiana,22017,254969,2026
Ascension,0,#N/A,Louisiana,26,9,1,1,Ascension Louisiana,22005,107215,83
St. John the Baptist,0,#N/A,Louisiana,16,6,0,,St. John the Baptist Louisiana,22095,45924,0
St. Bernard,0,#N/A,Louisiana,15,2,0,,St. Bernard Louisiana,22087,35897,0
St. Charles,0,#N/A,Louisiana,15,7,0,,St. Charles Louisiana,22089,52780,59
Lafourche,0,#N/A,Louisiana,15,3,0,,Lafourche Louisiana,22057,96318,203
Terrebonne,0,#N/A,Louisiana,14,2,0,,Terrebonne Louisiana,22109,111860,367
Bossier,0,#N/A,Louisiana,12,7,0,,Bossier Louisiana,22015,116979,404
Unassigned,2,#N/A,Louisiana,11,,0,,Unassigned Louisiana,#N/A,#N/A,#N/A
Iberville,0,#N/A,Louisiana,10,8,0,,Iberville Louisiana,22047,33387,0
Lafayette,0,#N/A,Louisiana,9,3,0,,Lafayette Louisiana,22055,221578,1110
Ouachita,0,#N/A,Louisiana,9,5,1,1,Ouachita Louisiana,22073,153720,679
St. James,0,#N/A,Louisiana,8,7,1,,St. James Louisiana,22093,22102,20
Rapides,0,#N/A,Louisiana,8,5,1,1,Rapides Louisiana,22079,131613,906
Plaquemines,0,#N/A,Louisiana,8,3,0,,Plaquemines Louisiana,22075,23042,0
Livingston,0,#N/A,Louisiana,5,3,0,,Livingston Louisiana,22063,128026,59
De Soto,0,#N/A,Louisiana,5,3,0,,De Soto Louisiana,22031,26656,0
West Baton Rouge,0,#N/A,Louisiana,5,2,1,1,West Baton Rouge Louisiana,22121,23788,0
Calcasieu,0,#N/A,Louisiana,4,,0,,Calcasieu Louisiana,22019,192768,690
Iberia,0,#N/A,Louisiana,3,1,0,,Iberia Louisiana,22045,73240,211
St. Landry,0,#N/A,Louisiana,3,,0,,St. Landry Louisiana,22097,83384,360
Webster,0,#N/A,Louisiana,3,2,1,1,Webster Louisiana,22119,41207,196
Tangipahoa,0,#N/A,Louisiana,3,,0,,Tangipahoa Louisiana,22105,121097,404
Lincoln,0,#N/A,Louisiana,2,2,0,,Lincoln Louisiana,22061,46735,146
Washington,0,#N/A,Louisiana,2,,1,1,Washington Louisiana,22117,47168,25
Richland,0,#N/A,Louisiana,2,2,0,,Richland Louisiana,22083,20725,56
Evangeline,0,#N/A,Louisiana,2,,0,,Evangeline Louisiana,22039,33984,250
Natchitoches,0,#N/A,Louisiana,2,2,0,,Natchitoches Louisiana,22069,39566,208
Allen,0,#N/A,Louisiana,2,2,0,,Allen Louisiana,22003,25764,76
Claiborne,0,#N/A,Louisiana,2,1,0,,Claiborne Louisiana,22027,17195,0
Bienville,0,#N/A,Louisiana,1,,0,,Bienville Louisiana,22013,14353,21
Beauregard,0,#N/A,Louisiana,1,,0,,Beauregard Louisiana,22011,35654,80
St. Mary,0,#N/A,Louisiana,1,,0,,St. Mary Louisiana,22101,54650,187
Avoyelles,0,#N/A,Louisiana,1,,0,,Avoyelles Louisiana,22009,42073,55
Grant,0,#N/A,Louisiana,1,1,0,,Grant Louisiana,22043,22309,0
Catahoula,0,#N/A,Louisiana,1,,1,1,Catahoula Louisiana,22025,10407,0
Acadia,0,#N/A,Louisiana,1,,0,,Acadia Louisiana,22001,61773,41
Assumption,0,#N/A,Louisiana,1,,0,,Assumption Louisiana,22007,23421,6
category Georgia,1,#N/A,Georgia,803,179,26,1,category Georgia Georgia,#N/A,#N/A,#N/A
Fulton,0,#N/A,Georgia,152,41,2,,Fulton Georgia,13121,920581,4353
Cobb,0,#N/A,Georgia,79,12,2,,Cobb Georgia,13067,688078,1099
DeKalb,0,#N/A,Georgia,74,21,0,,DeKalb Georgia,13089,691893,2436
Dougherty,0,#N/A,Georgia,69,17,6,,Dougherty Georgia,13095,94565,939
Bartow,0,#N/A,Georgia,61,5,1,,Bartow Georgia,13015,100157,80
Unassigned,2,#N/A,Georgia,46,18,11,1,Unassigned Georgia,#N/A,#N/A,#N/A
Gwinnett,0,#N/A,Georgia,35,8,1,,Gwinnett Georgia,13135,805321,847
Cherokee,0,#N/A,Georgia,24,6,0,,Cherokee Georgia,13057,214346,79
Carroll,0,#N/A,Georgia,21,5,0,,Carroll Georgia,13045,110527,303
Clayton,0,#N/A,Georgia,19,6,0,,Clayton Georgia,13063,259424,558
Lee,0,#N/A,Georgia,19,,0,,Lee Georgia,13177,28298,0
Clarke,0,#N/A,Georgia,14,4,0,,Clarke Georgia,13059,116714,574
Fayette,0,#N/A,Georgia,11,2,1,,Fayette Georgia,13113,106567,157
Richmond,0,#N/A,Georgia,11,1,0,,Richmond Georgia,13245,200549,2470
Floyd,0,#N/A,Georgia,10,1,1,,Floyd Georgia,13115,96317,559
Hall,0,#N/A,Georgia,10,1,0,,Hall Georgia,13139,179684,557
Henry,0,#N/A,Georgia,9,2,0,,Henry Georgia,13151,203922,265
Coweta,0,#N/A,Georgia,9,,0,,Coweta Georgia,13077,127317,211
Lowndes,0,#N/A,Georgia,8,,0,,Lowndes Georgia,13185,109233,430
Forsyth,0,#N/A,Georgia,7,2,0,,Forsyth Georgia,13117,175511,187
Douglas,0,#N/A,Georgia,7,3,0,,Douglas Georgia,13097,132403,192
Gordon,0,#N/A,Georgia,6,2,0,,Gordon Georgia,13129,55186,80
Paulding,0,#N/A,Georgia,5,1,0,,Paulding Georgia,13223,142324,83
Rockdale,0,#N/A,Georgia,5,3,0,,Rockdale Georgia,13247,85215,146
Troup,0,#N/A,Georgia,4,,0,,Troup Georgia,13285,67044,276
Chatham,0,#N/A,Georgia,4,,0,,Chatham Georgia,13051,265128,1717
Newton,0,#N/A,Georgia,4,,0,,Newton Georgia,13217,99958,97
Glynn,0,#N/A,Georgia,4,,0,,Glynn Georgia,13127,79626,401
Polk,0,#N/A,Georgia,4,,0,,Polk Georgia,13233,41475,53
Spalding,0,#N/A,Georgia,4,2,0,,Spalding Georgia,13255,64073,160
Columbia,0,#N/A,Georgia,3,,0,,Columbia Georgia,13073,124053,0
Lamar,0,#N/A,Georgia,3,,0,,Lamar Georgia,13171,18317,0
Pickens,0,#N/A,Georgia,3,1,0,,Pickens Georgia,13227,29431,48
Worth,0,#N/A,Georgia,3,1,0,,Worth Georgia,13321,21679,25
Peach,0,#N/A,Georgia,3,,0,,Peach Georgia,13225,27695,25
Oconee,0,#N/A,Georgia,3,1,0,,Oconee Georgia,13219,32808,0
Sumter,0,#N/A,Georgia,2,,0,,Sumter Georgia,13261,32819,76
Bibb,0,#N/A,Georgia,2,1,0,,Bibb Georgia,13021,155547,1182
Effingham,0,#N/A,Georgia,2,,0,,Effingham Georgia,13103,52250,25
Early,0,#N/A,Georgia,2,,1,,Early Georgia,13099,11008,25
Tift,0,#N/A,Georgia,2,,0,,Tift Georgia,13277,40118,191
Whitfield,0,#N/A,Georgia,2,,0,,Whitfield Georgia,13313,102599,282
Laurens,0,#N/A,Georgia,2,,0,,Laurens Georgia,13175,48434,368
Terrell,0,#N/A,Georgia,2,,0,,Terrell Georgia,13273,9315,0
Muscogee,0,#N/A,Georgia,2,,0,,Muscogee Georgia,13215,189885,1374
Baldwin,0,#N/A,Georgia,2,,0,,Baldwin Georgia,13009,45720,340
Lumpkin,0,#N/A,Georgia,2,1,0,,Lumpkin Georgia,13187,29966,49
Butts,0,#N/A,Georgia,2,,0,,Butts Georgia,13035,23655,25
Colquitt,0,#N/A,Georgia,2,2,0,,Colquitt Georgia,13071,45498,158
Turner,0,#N/A,Georgia,1,,0,,Turner Georgia,13287,8930,0
Houston,0,#N/A,Georgia,1,,0,,Houston Georgia,13153,139900,276
Charlton,0,#N/A,Georgia,1,,0,,Charlton Georgia,13049,12171,0
Monroe,0,#N/A,Georgia,1,,0,,Monroe Georgia,13207,26424,25
Randolph,0,#N/A,Georgia,1,,0,,Randolph Georgia,13243,7719,25
Heard,0,#N/A,Georgia,1,,0,,Heard Georgia,13149,11834,0
Dawson,0,#N/A,Georgia,1,,0,,Dawson Georgia,13085,22330,0
Lincoln,0,#N/A,Georgia,1,,0,,Lincoln Georgia,13181,7996,0
Barrow,0,#N/A,Georgia,1,,0,,Barrow Georgia,13013,69367,56
Camden,0,#N/A,Georgia,1,1,0,,Camden Georgia,13039,50513,40
Chattooga,0,#N/A,Georgia,1,,0,,Chattooga Georgia,13055,26015,0
Twiggs,0,#N/A,Georgia,1,,0,,Twiggs Georgia,13289,9023,0
Coffee,0,#N/A,Georgia,1,,0,,Coffee Georgia,13069,42356,88
Tattnall,0,#N/A,Georgia,1,,0,,Tattnall Georgia,13267,25520,25
Catoosa,0,#N/A,Georgia,1,1,0,,Catoosa Georgia,13047,63942,185
Madison,0,#N/A,Georgia,1,1,0,,Madison Georgia,13195,28120,0
Morgan,0,#N/A,Georgia,1,1,0,,Morgan Georgia,13211,17868,41
Pierce,0,#N/A,Georgia,1,1,0,,Pierce Georgia,13229,18758,0
Washington,0,#N/A,Georgia,1,1,0,,Washington Georgia,13303,21187,116
Miller,0,#N/A,Georgia,1,,0,,Miller Georgia,13201,6125,25
Liberty,0,#N/A,Georgia,1,1,0,,Liberty Georgia,13179,63453,25
Harris,0,#N/A,Georgia,1,1,0,,Harris Georgia,13145,32024,0
Burke,0,#N/A,Georgia,1,1,0,,Burke Georgia,13033,23316,40
Clinch,0,#N/A,Georgia,1,,0,,Clinch Georgia,13065,6798,25
category Massachusetts,1,#N/A,Massachusetts,777,131,9,4,category Massachusetts Massachusetts,#N/A,#N/A,#N/A
Middlesex,0,#N/A,Massachusetts,232,33,1,,Middlesex Massachusetts,25017,1503085,4150
Suffolk,0,#N/A,Massachusetts,154,28,1,,Suffolk Massachusetts,25025,722023,6162
Norfolk,0,#N/A,Massachusetts,82,7,0,,Norfolk Massachusetts,25021,670850,1670
Essex,0,#N/A,Massachusetts,73,13,0,,Essex Massachusetts,25009,743159,1443
Unassigned,2,#N/A,Massachusetts,53,23,7,4,Unassigned Massachusetts,#N/A,#N/A,#N/A
Worcester,0,#N/A,Massachusetts,42,5,0,,Worcester Massachusetts,25027,798552,2233
Plymouth,0,3,Massachusetts,32,7,0,,Plymouth Massachusetts,25023,494919,872
Barnstable,0,#N/A,Massachusetts,30,6,0,,Barnstable Massachusetts,25001,215888,407
Berkshire,0,#N/A,Massachusetts,26,3,0,,Berkshire Massachusetts,25003,131219,323
Bristol,0,#N/A,Massachusetts,25,1,0,,Bristol Massachusetts,25005,548285,1399
Hampden,0,#N/A,Massachusetts,15,3,0,,Hampden Massachusetts,25013,463490,1773
Franklin,0,#N/A,Massachusetts,6,,0,,Franklin Massachusetts,25011,71372,89
Hampshire,0,#N/A,Massachusetts,6,2,0,,Hampshire Massachusetts,25015,158080,165
Dukes and Nantucket,0,Nantucket Massachusetts,Massachusetts,1,,0,,Dukes and Nantucket Massachusetts,25019,10172,19
category Texas,1,#N/A,Texas,765,93,9,1,category Texas Texas,#N/A,#N/A,#N/A
Dallas,0,#N/A,Texas,155,24,4,1,Dallas Texas,48113,2368139,8721
Travis,0,#N/A,Texas,86,7,0,,Travis Texas,48453,1024266,3821
Harris,0,#N/A,Texas,78,4,1,,Harris Texas,48201,4092459,15865
Tarrant,0,#N/A,Texas,57,10,1,,Tarrant Texas,48439,1809034,6810
Bexar,0,#N/A,Texas,57,11,1,,Bexar Texas,48029,1714773,8084
Collin,0,#N/A,Texas,38,,1,,Collin Texas,48085,782341,2649
Denton,0,#N/A,Texas,30,,0,,Denton Texas,48121,662614,1516
Fort Bend,0,#N/A,Texas,29,,0,,Fort Bend Texas,48157,585375,1105
Montgomery,0,#N/A,Texas,19,4,0,,Montgomery Texas,48339,455746,1908
Galveston,0,#N/A,Texas,18,6,0,,Galveston Texas,48167,291309,711
Brazoria,0,#N/A,Texas,16,2,0,,Brazoria Texas,48039,313166,357
Bell,0,#N/A,Texas,16,6,0,,Bell Texas,48027,310235,1091
McLennan,0,#N/A,Texas,16,,0,,McLennan Texas,48309,234906,285
Williamson,0,#N/A,Texas,14,5,0,,Williamson Texas,48491,422679,1009
Brazos,0,#N/A,Texas,12,,0,,Brazos Texas,48041,194851,658
Smith,0,#N/A,Texas,10,,0,,Smith Texas,48423,209714,1337
Lubbock,0,#N/A,Texas,9,,0,,Lubbock Texas,48303,278831,1563
El Paso,0,#N/A,Texas,9,,0,,El Paso Texas,48141,800647,2813
Hays,0,#N/A,Texas,7,,0,,Hays Texas,48209,157107,354
Cameron,0,#N/A,Texas,6,,0,,Cameron Texas,48061,406220,1463
Jefferson,0,#N/A,Texas,6,3,0,,Jefferson Texas,48245,252273,1593
Wichita,0,#N/A,Texas,5,,0,,Wichita Texas,48485,131500,559
Matagorda,0,#N/A,Texas,4,,1,,Matagorda Texas,48321,36702,75
Webb,0,#N/A,Texas,4,,0,,Webb Texas,48479,250304,578
Hockley,0,#N/A,Texas,3,,0,,Hockley Texas,48219,22935,48
Ellis,0,#N/A,Texas,3,,0,,Ellis Texas,48139,149610,164
Comal,0,#N/A,Texas,3,,0,,Comal Texas,48091,108472,340
Milam,0,#N/A,Texas,2,1,0,,Milam Texas,48331,24757,35
Randall,0,#N/A,Texas,2,,0,,Randall Texas,48381,120725,4
Johnson,0,#N/A,Texas,2,,0,,Johnson Texas,48251,150934,137
Grimes,0,#N/A,Texas,2,,0,,Grimes Texas,48185,26604,25
Castro,0,#N/A,Texas,2,,0,,Castro Texas,48069,8062,17
Hardin,0,#N/A,Texas,2,,0,,Hardin Texas,48199,54635,0
Brown,0,#N/A,Texas,2,,0,,Brown Texas,48049,38106,194
Guadalupe,0,#N/A,Texas,2,,0,,Guadalupe Texas,48187,131533,133
Hidalgo,0,#N/A,Texas,2,,0,,Hidalgo Texas,48215,774769,2292
Atascosa,0,#N/A,Texas,2,,0,,Atascosa Texas,48013,44911,67
Grayson,0,#N/A,Texas,2,1,0,,Grayson Texas,48181,120877,602
Potter,0,#N/A,Texas,2,2,0,,Potter Texas,48375,121073,1146
Midland,0,#N/A,Texas,1,,0,,Midland Texas,48329,136872,621
Fannin,0,#N/A,Texas,1,,0,,Fannin Texas,48147,33915,25
Rusk,0,#N/A,Texas,1,,0,,Rusk Texas,48401,53330,96
Oldham,0,#N/A,Texas,1,,0,,Oldham Texas,48359,2052,0
DeWitt,0,#N/A,Texas,1,,0,,DeWitt Texas,48123,20097,49
Lavaca,0,#N/A,Texas,1,,0,,Lavaca Texas,48285,19263,50
Kendall,0,#N/A,Texas,1,,0,,Kendall Texas,48259,33410,0
Robertson,0,#N/A,Texas,1,1,0,,Robertson Texas,48395,16622,0
Fayette,0,#N/A,Texas,1,,0,,Fayette Texas,48149,24554,65
Medina,0,#N/A,Texas,1,,0,,Medina Texas,48325,46006,25
Wharton,0,#N/A,Texas,1,,0,,Wharton Texas,48481,41280,49
Nueces,0,#N/A,Texas,1,,0,,Nueces Texas,48355,340223,2035
Deaf Smith,0,#N/A,Texas,1,,0,,Deaf Smith Texas,48117,19372,42
Bowie,0,#N/A,Texas,1,,0,,Bowie Texas,48037,92565,841
Chambers,0,#N/A,Texas,1,,0,,Chambers Texas,48071,35096,39
Liberty,0,#N/A,Texas,1,,0,,Liberty Texas,48291,75643,29
Maverick,0,#N/A,Texas,1,,0,,Maverick Texas,48323,54258,101
Burnet,0,#N/A,Texas,1,,0,,Burnet Texas,48053,42750,71
Walker,0,#N/A,Texas,1,,0,,Walker Texas,48471,67861,123
Gregg,0,#N/A,Texas,1,,0,,Gregg Texas,48183,121730,846
Parker,0,#N/A,Texas,1,,0,,Parker Texas,48367,116927,125
Crane,0,#N/A,Texas,1,,0,,Crane Texas,48103,4375,25
Orange,0,#N/A,Texas,1,,0,,Orange Texas,48361,81837,0
Gaines,0,#N/A,Texas,1,1,0,,Gaines Texas,48165,17526,25
Erath,0,#N/A,Texas,1,1,0,,Erath Texas,48143,37890,98
Eastland,0,#N/A,Texas,1,1,0,,Eastland Texas,48133,18583,52
Blanco,0,#N/A,Texas,1,1,0,,Blanco Texas,48031,10497,0
Waller,0,#N/A,Texas,1,1,0,,Waller Texas,48473,43205,0
Falls,0,#N/A,Texas,1,1,0,,Falls Texas,48145,17866,36
Lamar,0,#N/A,Texas,1,,0,,Lamar Texas,48277,49793,393
Van Zandt,0,#N/A,Texas,1,,0,,Van Zandt Texas,48467,52579,52
category Colorado,1,#N/A,Colorado,723,128,7,,category Colorado Colorado,#N/A,#N/A,#N/A
Denver,0,#N/A,Colorado,148,23,0,,Denver Colorado,08031,600158,2361
Eagle,0,#N/A,Colorado,92,12,1,,Eagle Colorado,08037,52197,58
El Paso,0,#N/A,Colorado,69,18,3,,El Paso Colorado,08041,622263,836
Arapahoe,0,#N/A,Colorado,58,13,0,,Arapahoe Colorado,08005,572003,1010
Jefferson,0,#N/A,Colorado,55,4,0,,Jefferson Colorado,08059,534543,780
Weld,0,#N/A,Colorado,50,13,2,,Weld Colorado,08123,252825,300
Douglas,0,#N/A,Colorado,48,15,0,,Douglas Colorado,08035,285465,286
Boulder,0,#N/A,Colorado,39,2,0,,Boulder Colorado,08013,294567,522
Larimer,0,#N/A,Colorado,34,2,0,,Larimer Colorado,08069,299630,725
Gunnison,0,#N/A,Colorado,28,6,0,,Gunnison Colorado,08051,15324,24
Adams,0,#N/A,Colorado,25,7,0,,Adams Colorado,08001,441603,800
Pitkin,0,#N/A,Colorado,18,2,0,,Pitkin Colorado,08097,17148,25
Garfield,0,#N/A,Colorado,8,,0,,Garfield Colorado,08045,56389,119
Summit,0,#N/A,Colorado,8,1,0,,Summit Colorado,08117,27994,34
Mesa,0,#N/A,Colorado,5,1,0,,Mesa Colorado,08077,146723,460
Unassigned,2,#N/A,Colorado,5,4,0,,Unassigned Colorado,#N/A,#N/A,#N/A
Pueblo,0,#N/A,Colorado,3,,0,,Pueblo Colorado,08101,159063,1292
Clear Creek,0,#N/A,Colorado,3,,0,,Clear Creek Colorado,08019,9088,0
Elbert,0,#N/A,Colorado,3,,0,,Elbert Colorado,08039,23086,0
Chaffee,0,#N/A,Colorado,3,,0,,Chaffee Colorado,08015,17809,25
Teller,0,#N/A,Colorado,3,3,0,,Teller Colorado,08119,23350,15
Morgan,0,#N/A,Colorado,3,1,0,,Morgan Colorado,08087,28159,69
Routt,0,#N/A,Colorado,3,,0,,Routt Colorado,08107,23509,98
Broomfield,0,#N/A,Colorado,2,1,0,,Broomfield Colorado,08014,55889,0
Grand,0,#N/A,Colorado,2,,0,,Grand Colorado,08049,14843,44
Logan,0,#N/A,Colorado,2,,0,,Logan Colorado,08075,22709,25
Park,0,#N/A,Colorado,1,,0,,Park Colorado,08093,16206,0
Crowley,0,#N/A,Colorado,1,,1,,Crowley Colorado,08025,5823,0
Hinsdale,0,#N/A,Colorado,1,,0,,Hinsdale Colorado,08053,843,0
Montrose,0,#N/A,Colorado,1,,0,,Montrose Colorado,08085,41276,69
San Miguel,0,#N/A,Colorado,1,,0,,San Miguel Colorado,08113,7359,0
Yuma,0,#N/A,Colorado,1,,0,,Yuma Colorado,08125,10043,28
category Pennsylvania,1,#N/A,Pennsylvania,698,183,6,1,category Pennsylvania Pennsylvania,#N/A,#N/A,#N/A
Philadelphia,0,#N/A,Pennsylvania,175,79,0,,Philadelphia Pennsylvania,42101,1526006,8160
Montgomery,0,#N/A,Pennsylvania,136,26,1,,Montgomery Pennsylvania,42091,799874,3403
Delaware,0,#N/A,Pennsylvania,54,11,0,,Delaware Pennsylvania,42045,558979,1123
Allegheny,0,#N/A,Pennsylvania,48,8,1,,Allegheny Pennsylvania,42003,1223348,7616
Monroe,0,#N/A,Pennsylvania,43,12,1,,Monroe Pennsylvania,42089,169842,235
Bucks,0,#N/A,Pennsylvania,43,2,0,,Bucks Pennsylvania,42017,625249,1299
Chester,0,#N/A,Pennsylvania,40,17,0,,Chester Pennsylvania,42029,498886,1286
Lehigh,0,#N/A,Pennsylvania,25,6,1,,Lehigh Pennsylvania,42077,349497,1912
Northampton,0,#N/A,Pennsylvania,23,2,2,1,Northampton Pennsylvania,42095,297735,362
Berks,0,#N/A,Pennsylvania,14,1,0,,Berks Pennsylvania,42011,411442,1247
Cumberland,0,#N/A,Pennsylvania,12,1,0,,Cumberland Pennsylvania,42041,235406,590
Luzerne,0,#N/A,Pennsylvania,10,3,0,,Luzerne Pennsylvania,42079,320918,1180
York,0,#N/A,Pennsylvania,10,,0,,York Pennsylvania,42133,434972,921
Washington,0,#N/A,Pennsylvania,7,,0,,Washington Pennsylvania,42125,207820,602
Lackawanna,0,#N/A,Pennsylvania,7,1,0,,Lackawanna Pennsylvania,42069,214437,1079
Westmoreland,0,#N/A,Pennsylvania,6,2,0,,Westmoreland Pennsylvania,42129,365169,654
Adams,0,#N/A,Pennsylvania,6,1,0,,Adams Pennsylvania,42001,101407,76
Lancaster,0,#N/A,Pennsylvania,5,,0,,Lancaster Pennsylvania,42071,519445,1191
Butler,0,#N/A,Pennsylvania,5,4,0,,Butler Pennsylvania,42019,183862,296
Centre,0,#N/A,Pennsylvania,3,2,0,,Centre Pennsylvania,42027,153990,438
Lebanon,0,#N/A,Pennsylvania,3,,0,,Lebanon Pennsylvania,42075,133568,484
Beaver,0,#N/A,Pennsylvania,3,,0,,Beaver Pennsylvania,42007,170539,396
Schuylkill,0,#N/A,Pennsylvania,3,2,0,,Schuylkill Pennsylvania,42107,148289,361
Wayne,0,#N/A,Pennsylvania,3,1,0,,Wayne Pennsylvania,42127,52822,112
Pike,0,#N/A,Pennsylvania,3,,0,,Pike Pennsylvania,42103,57369,0
Erie,0,#N/A,Pennsylvania,3,1,0,,Erie Pennsylvania,42049,280566,1188
Potter,0,#N/A,Pennsylvania,1,,0,,Potter Pennsylvania,42105,17457,59
Dauphin,0,#N/A,Pennsylvania,1,,0,,Dauphin Pennsylvania,42043,268100,1189
Montour,0,#N/A,Pennsylvania,1,,0,,Montour Pennsylvania,42093,18267,656
Columbia,0,#N/A,Pennsylvania,1,,0,,Columbia Pennsylvania,42037,67295,173
Fayette,0,#N/A,Pennsylvania,1,,0,,Fayette Pennsylvania,42051,136606,283
Franklin,0,#N/A,Pennsylvania,1,,0,,Franklin Pennsylvania,42055,149618,416
Mercer,0,#N/A,Pennsylvania,1,,0,,Mercer Pennsylvania,42085,116638,521
Cambria,0,#N/A,Pennsylvania,1,1,0,,Cambria Pennsylvania,42021,143679,594
category Tennessee,1,#N/A,Tennessee,615,117,2,,category Tennessee Tennessee,#N/A,#N/A,#N/A
Davidson,0,#N/A,Tennessee,164,,2,,Davidson Tennessee,47037,626681,4489
Shelby,0,#N/A,Tennessee,93,27,0,,Shelby Tennessee,47157,927644,4876
Out-of-state,2,#N/A,Tennessee,89,7,0,,Out-of-state Tennessee,#N/A,#N/A,#N/A
Unassigned,2,#N/A,Tennessee,54,24,0,,Unassigned Tennessee,#N/A,#N/A,#N/A
Williamson,0,#N/A,Tennessee,53,5,0,,Williamson Tennessee,47187,183182,225
Sumner,0,#N/A,Tennessee,34,12,0,,Sumner Tennessee,47165,160645,441
Hamilton,0,#N/A,Tennessee,12,4,0,,Hamilton Tennessee,47065,336463,1825
Knox,0,#N/A,Tennessee,12,7,0,,Knox Tennessee,47093,432226,2122
Rutherford,0,#N/A,Tennessee,9,1,0,,Rutherford Tennessee,47149,262604,488
Tipton,0,#N/A,Tennessee,6,1,0,,Tipton Tennessee,47167,61081,100
Maury,0,#N/A,Tennessee,6,4,0,,Maury Tennessee,47119,80956,255
Robertson,0,#N/A,Tennessee,6,3,0,,Robertson Tennessee,47147,66283,109
Washington,0,#N/A,Tennessee,6,4,0,,Washington Tennessee,47179,122979,714
Wilson,0,#N/A,Tennessee,6,4,0,,Wilson Tennessee,47189,113993,245
Putnam,0,#N/A,Tennessee,6,,0,,Putnam Tennessee,47141,72321,247
Dickson,0,#N/A,Tennessee,5,1,0,,Dickson Tennessee,47043,49666,157
Cheatham,0,#N/A,Tennessee,4,,0,,Cheatham Tennessee,47021,39105,12
Greene,0,#N/A,Tennessee,4,2,0,,Greene Tennessee,47059,68831,240
Hamblen,0,#N/A,Tennessee,3,1,0,,Hamblen Tennessee,47063,62544,278
Jefferson,0,#N/A,Tennessee,3,1,0,,Jefferson Tennessee,47089,51407,54
Montgomery,0,#N/A,Tennessee,3,,0,,Montgomery Tennessee,47125,172331,270
Cumberland,0,#N/A,Tennessee,2,,0,,Cumberland Tennessee,47035,56053,189
Fayette,0,#N/A,Tennessee,2,,0,,Fayette Tennessee,47047,38413,0
Monroe,0,#N/A,Tennessee,2,,0,,Monroe Tennessee,47123,44519,59
Dyer,0,#N/A,Tennessee,2,,0,,Dyer Tennessee,47045,38335,225
Perry,0,#N/A,Tennessee,2,1,0,,Perry Tennessee,47135,7915,53
Blount,0,#N/A,Tennessee,2,1,0,,Blount Tennessee,47009,123010,471
Sullivan,0,#N/A,Tennessee,2,1,0,,Sullivan Tennessee,47163,156823,1175
Carroll,0,#N/A,Tennessee,2,,0,,Carroll Tennessee,47017,28522,115
Campbell,0,#N/A,Tennessee,2,,0,,Campbell Tennessee,47013,40716,120
McMinn,0,#N/A,Tennessee,2,1,0,,McMinn Tennessee,47107,52266,262
Houston,0,#N/A,Tennessee,1,,0,,Houston Tennessee,47083,8426,25
Gibson,0,#N/A,Tennessee,1,,0,,Gibson Tennessee,47053,49683,70
Anderson,0,#N/A,Tennessee,1,,0,,Anderson Tennessee,47001,75129,301
Bradley,0,#N/A,Tennessee,1,,0,,Bradley Tennessee,47011,98963,348
Roane,0,#N/A,Tennessee,1,,0,,Roane Tennessee,47145,54181,54
Scott,0,#N/A,Tennessee,1,,0,,Scott Tennessee,47151,22228,25
Chester,0,#N/A,Tennessee,1,,0,,Chester Tennessee,47023,17131,0
Franklin,0,#N/A,Tennessee,1,,0,,Franklin Tennessee,47051,41052,174
Cocke,0,#N/A,Tennessee,1,,0,,Cocke Tennessee,47029,35662,74
Loudon,0,#N/A,Tennessee,1,,0,,Loudon Tennessee,47105,48556,50
Marion,0,#N/A,Tennessee,1,,0,,Marion Tennessee,47115,28237,68
Sevier,0,#N/A,Tennessee,1,,0,,Sevier Tennessee,47155,89889,79
Claiborne,0,#N/A,Tennessee,1,1,0,,Claiborne Tennessee,47025,32213,85
Dekalb,0,#N/A,Tennessee,1,1,0,,Dekalb Tennessee,47041,18723,71
Hardin,0,#N/A,Tennessee,1,1,0,,Hardin Tennessee,47071,26026,58
Lincoln,0,#N/A,Tennessee,1,1,0,,Lincoln Tennessee,47103,33361,59
Weakley,0,#N/A,Tennessee,1,1,0,,Weakley Tennessee,47183,35021,140
category Ohio,1,#N/A,Ohio,443,87,6,3,category Ohio Ohio,#N/A,#N/A,#N/A
Cuyahoga,0,#N/A,Ohio,149,24,1,,Cuyahoga Ohio,39035,1280122,8105
Franklin,0,#N/A,Ohio,44,10,2,2,Franklin Ohio,39049,1163414,6376
Summit,0,#N/A,Ohio,28,5,0,,Summit Ohio,39153,541781,2819
Hamilton,0,#N/A,Ohio,26,7,0,,Hamilton Ohio,39061,802374,4961
Lorain,0,#N/A,Ohio,24,5,0,,Lorain Ohio,39093,301356,840
Mahoning,0,#N/A,Ohio,23,5,0,,Mahoning Ohio,39099,238823,1051
Miami,0,#N/A,Ohio,17,4,0,,Miami Ohio,39109,102506,193
Butler,0,#N/A,Ohio,17,,0,,Butler Ohio,39017,368130,879
Medina,0,#N/A,Ohio,15,5,0,,Medina Ohio,39103,172332,191
Stark,0,#N/A,Ohio,12,2,1,1,Stark Ohio,39151,375586,1740
Lucas,0,#N/A,Ohio,10,3,1,,Lucas Ohio,39095,441815,3357
Lake,0,#N/A,Ohio,8,2,0,,Lake Ohio,39085,230041,561
Montgomery,0,#N/A,Ohio,7,2,0,,Montgomery Ohio,39113,535153,3458
Delaware,0,#N/A,Ohio,7,1,0,,Delaware Ohio,39041,174214,212
Clermont,0,#N/A,Ohio,5,,0,,Clermont Ohio,39025,197363,148
Warren,0,#N/A,Ohio,5,2,0,,Warren Ohio,39165,212693,378
Ashtabula,0,#N/A,Ohio,3,1,0,,Ashtabula Ohio,39007,101497,429
Coshocton,0,#N/A,Ohio,3,1,0,,Coshocton Ohio,39031,36901,56
Trumbull,0,#N/A,Ohio,3,,0,,Trumbull Ohio,39155,210312,1137
Marion,0,#N/A,Ohio,3,2,0,,Marion Ohio,39101,66501,270
Belmont,0,#N/A,Ohio,2,,0,,Belmont Ohio,39013,70400,300
Tuscarawas,0,#N/A,Ohio,2,,0,,Tuscarawas Ohio,39157,92582,198
Defiance,0,#N/A,Ohio,2,,0,,Defiance Ohio,39039,39037,104
Geauga,0,#N/A,Ohio,2,,0,,Geauga Ohio,39055,93389,281
Columbiana,0,#N/A,Ohio,2,,0,,Columbiana Ohio,39029,107841,351
Carroll,0,#N/A,Ohio,2,1,0,,Carroll Ohio,39019,28836,0
Portage,0,#N/A,Ohio,2,1,0,,Portage Ohio,39133,161419,302
Wood,0,#N/A,Ohio,2,1,0,,Wood Ohio,39173,125488,196
Clark,0,#N/A,Ohio,1,,0,,Clark Ohio,39023,138333,40
Ashland,0,#N/A,Ohio,1,,0,,Ashland Ohio,39005,53139,123
Erie,0,#N/A,Ohio,1,,1,,Erie Ohio,39043,77079,424
Sandusky,0,#N/A,Ohio,1,1,0,,Sandusky Ohio,39143,60944,335
Gallia,0,#N/A,Ohio,1,,0,,Gallia Ohio,39053,30934,287
Darke,0,#N/A,Ohio,1,,0,,Darke Ohio,39037,52959,104
Madison,0,#N/A,Ohio,1,,0,,Madison Ohio,39097,43435,94
Licking,0,#N/A,Ohio,1,,0,,Licking Ohio,39089,166492,262
Clinton,0,#N/A,Ohio,1,,0,,Clinton Ohio,39027,42040,165
Greene,0,#N/A,Ohio,1,,0,,Greene Ohio,39057,161573,176
Hancock,0,#N/A,Ohio,1,,0,,Hancock Ohio,39063,74782,201
Huron,0,#N/A,Ohio,1,,0,,Huron Ohio,39077,59626,139
Union,0,#N/A,Ohio,1,,0,,Union Ohio,39159,52300,97
Washington,0,#N/A,Ohio,1,,0,,Washington Ohio,39167,61778,240
Knox,0,#N/A,Ohio,1,,0,,Knox Ohio,39083,60921,111
Highland,0,#N/A,Ohio,1,1,0,,Highland Ohio,39071,43589,70
Logan,0,#N/A,Ohio,1,1,0,,Logan Ohio,39091,45858,115
Richland,0,#N/A,Ohio,1,,0,,Richland Ohio,39139,124475,398
category Wisconsin,1,#N/A,Wisconsin,425,42,5,1,category Wisconsin Wisconsin,#N/A,#N/A,#N/A
Milwaukee,0,#N/A,Wisconsin,204,22,3,1,Milwaukee Wisconsin,55079,947735,4743
Dane,0,#N/A,Wisconsin,70,9,0,,Dane Wisconsin,55025,488073,2073
Waukesha,0,#N/A,Wisconsin,31,1,0,,Waukesha Wisconsin,55133,389891,1305
Fond du Lac,0,#N/A,Wisconsin,16,,1,,Fond du Lac Wisconsin,55039,101633,189
Washington,0,#N/A,Wisconsin,15,1,0,,Washington Wisconsin,55131,131887,141
Ozaukee,0,#N/A,Wisconsin,14,1,1,,Ozaukee Wisconsin,55089,86395,326
Kenosha,0,#N/A,Wisconsin,12,2,0,,Kenosha Wisconsin,55059,166426,517
Sheboygan,0,#N/A,Wisconsin,6,,0,,Sheboygan Wisconsin,55117,115507,370
Racine,0,#N/A,Wisconsin,5,1,0,,Racine Wisconsin,55101,195408,715
La Crosse,0,#N/A,Wisconsin,5,,0,,La Crosse Wisconsin,55063,114638,656
Winnebago,0,#N/A,Wisconsin,5,,0,,Winnebago Wisconsin,55139,166994,795
Columbia,0,#N/A,Wisconsin,5,,0,,Columbia Wisconsin,55021,56833,98
Eau Claire,0,#N/A,Wisconsin,4,,0,,Eau Claire Wisconsin,55035,98736,661
Brown,0,#N/A,Wisconsin,3,,0,,Brown Wisconsin,55009,248007,1278
Walworth,0,#N/A,Wisconsin,3,,0,,Walworth Wisconsin,55127,102228,134
Sauk,0,#N/A,Wisconsin,3,1,0,,Sauk Wisconsin,55111,61976,161
St. Croix,0,#N/A,Wisconsin,3,1,0,,St. Croix Wisconsin,55109,84345,125
Rock,0,#N/A,Wisconsin,3,,0,,Rock Wisconsin,55105,160331,564
Pierce,0,#N/A,Wisconsin,3,2,0,,Pierce Wisconsin,55093,41019,0
Outagamie,0,#N/A,Wisconsin,2,,0,,Outagamie Wisconsin,55087,176695,517
Jefferson,0,#N/A,Wisconsin,2,,0,,Jefferson Wisconsin,55055,83686,82
Dodge,0,#N/A,Wisconsin,2,,0,,Dodge Wisconsin,55027,88759,245
Douglas,0,#N/A,Wisconsin,2,1,0,,Douglas Wisconsin,55031,44159,25
Dunn,0,#N/A,Wisconsin,1,,0,,Dunn Wisconsin,55033,43857,25
Chippewa,0,#N/A,Wisconsin,1,,0,,Chippewa Wisconsin,55017,62415,218
Marathon,0,#N/A,Wisconsin,1,,0,,Marathon Wisconsin,55073,134063,440
Calumet,0,#N/A,Wisconsin,1,,0,,Calumet Wisconsin,55015,48971,25
Wood,0,#N/A,Wisconsin,1,,0,,Wood Wisconsin,55141,74749,619
Green,0,#N/A,Wisconsin,1,,0,,Green Wisconsin,55045,36842,95
Bayfield,0,#N/A,Wisconsin,1,,0,,Bayfield Wisconsin,55007,15014,0
category Connecticut,1,#N/A,Connecticut,415,88,10,2,category Connecticut Connecticut,#N/A,#N/A,#N/A
Fairfield,0,#N/A,Connecticut,270,62,6,1,Fairfield Connecticut,09001,916829,2066
Hartford,0,#N/A,Connecticut,61,7,2,1,Hartford Connecticut,09003,894014,2980
New Haven,0,#N/A,Connecticut,41,12,0,,New Haven Connecticut,09009,862477,3045
Tolland,0,#N/A,Connecticut,16,2,2,,Tolland Connecticut,09013,152691,174
Litchfield,0,#N/A,Connecticut,13,1,0,,Litchfield Connecticut,09005,189927,272
Middlesex,0,#N/A,Connecticut,8,2,0,,Middlesex Connecticut,09007,165676,215
New London,0,#N/A,Connecticut,4,1,0,,New London Connecticut,09011,274055,465
Windham,0,#N/A,Connecticut,2,1,0,,Windham Connecticut,09015,118428,234
category North Carolina,1,#N/A,North Carolina,413,102,0,,category North Carolina North Carolina,#N/A,#N/A,#N/A
Mecklenburg,0,#N/A,North Carolina,106,26,0,,Mecklenburg North Carolina,37119,919628,2949
Durham,0,#N/A,North Carolina,71,30,0,,Durham North Carolina,37063,267587,1360
Wake,0,#N/A,North Carolina,66,14,0,,Wake North Carolina,37183,900993,1781
Union,0,#N/A,North Carolina,13,1,0,,Union North Carolina,37179,201292,227
Forsyth,0,#N/A,North Carolina,12,,0,,Forsyth North Carolina,37067,350670,1855
Guilford,0,#N/A,North Carolina,11,,0,,Guilford North Carolina,37081,488406,1833
New Hanover,0,#N/A,North Carolina,9,5,0,,New Hanover North Carolina,37129,202667,769
Iredell,0,#N/A,North Carolina,8,2,0,,Iredell North Carolina,37097,159437,501
Harnett,0,#N/A,North Carolina,8,,0,,Harnett North Carolina,37085,114678,167
Brunswick,0,#N/A,North Carolina,8,2,0,,Brunswick North Carolina,37019,107431,212
Buncombe,0,#N/A,North Carolina,8,4,0,,Buncombe North Carolina,37021,238318,877
Pitt,0,#N/A,North Carolina,6,3,0,,Pitt North Carolina,37147,168148,909
Orange,0,#N/A,North Carolina,6,,0,,Orange North Carolina,37135,133801,896
Cabarrus,0,#N/A,North Carolina,6,,0,,Cabarrus North Carolina,37025,178011,497
Cumberland,0,#N/A,North Carolina,5,2,0,,Cumberland North Carolina,37051,319431,666
Carteret,0,#N/A,North Carolina,5,,0,,Carteret North Carolina,37031,66469,135
Rowan,0,#N/A,North Carolina,4,2,0,,Rowan North Carolina,37159,138428,268
Cherokee,0,#N/A,North Carolina,4,,0,,Cherokee North Carolina,37039,27444,191
Wilson,0,#N/A,North Carolina,4,1,0,,Wilson North Carolina,37195,81234,317
Catawba,0,#N/A,North Carolina,4,3,0,,Catawba North Carolina,37035,154358,638
Franklin,0,#N/A,North Carolina,4,,0,,Franklin North Carolina,37069,60619,0
Johnston,0,#N/A,North Carolina,3,,0,,Johnston North Carolina,37101,168878,199
Gaston,0,3,North Carolina,4,,0,,Gaston North Carolina,37071,206086,475
Onslow,0,#N/A,North Carolina,3,,0,,Onslow North Carolina,37133,177772,162
Chatham,0,#N/A,North Carolina,3,,0,,Chatham North Carolina,37037,63505,25
Henderson,0,#N/A,North Carolina,2,1,0,,Henderson North Carolina,37089,106740,325
Moore,0,#N/A,North Carolina,2,,0,,Moore North Carolina,37125,88247,372
Davidson,0,#N/A,North Carolina,2,1,0,,Davidson North Carolina,37057,162878,243
Watauga,0,#N/A,North Carolina,2,,0,,Watauga North Carolina,37189,51079,217
Craven,0,#N/A,North Carolina,2,,0,,Craven North Carolina,37049,103505,350
Alamance,0,#N/A,North Carolina,2,,0,,Alamance North Carolina,37001,151131,238
Granville,0,#N/A,North Carolina,1,,0,,Granville North Carolina,37077,59916,142
Pasquotank,0,#N/A,North Carolina,1,,0,,Pasquotank North Carolina,37139,40661,182
Lee,0,#N/A,North Carolina,1,,0,,Lee North Carolina,37105,57866,127
Sampson,0,#N/A,North Carolina,1,,0,,Sampson North Carolina,37163,63431,146
Chowan,0,#N/A,North Carolina,1,,0,,Chowan North Carolina,37041,14793,89
Lincoln,0,#N/A,North Carolina,1,,0,,Lincoln North Carolina,37109,78265,101
Stanley,0,3 combined with Gaston ,North Carolina,1,,0,,Stanley North Carolina,#N/A,#N/A,#N/A
Hoke,0,#N/A,North Carolina,1,,0,,Hoke North Carolina,37093,46952,49
Robeson,0,#N/A,North Carolina,1,,0,,Robeson North Carolina,37155,134168,452
Hyde,0,#N/A,North Carolina,1,,0,,Hyde North Carolina,37095,5810,0
Wayne,0,#N/A,North Carolina,1,,0,,Wayne North Carolina,37191,122623,316
Davie,0,#N/A,North Carolina,1,,0,,Davie North Carolina,37059,41240,50
Montgomery,0,#N/A,North Carolina,1,,0,,Montgomery North Carolina,37123,27798,37
Nash,0,#N/A,North Carolina,1,,0,,Nash North Carolina,37127,95840,403
Scotland,0,#N/A,North Carolina,1,,0,,Scotland North Carolina,37165,36157,104
Vance,0,#N/A,North Carolina,1,,0,,Vance North Carolina,37181,45422,102
Randolph,0,#N/A,North Carolina,1,1,0,,Randolph North Carolina,37151,141752,145
Hertford,0,#N/A,North Carolina,1,1,0,,Hertford North Carolina,37091,24669,114
Jackson,0,#N/A,North Carolina,1,1,0,,Jackson North Carolina,37099,40271,86
Transylvania,0,#N/A,North Carolina,1,1,0,,Transylvania North Carolina,37175,33090,94
Northampton,0,#N/A,North Carolina,1,1,0,,Northampton North Carolina,37131,22099,0
category South Carolina,1,#N/A,South Carolina,298,105,5,2,category South Carolina South Carolina,#N/A,#N/A,#N/A
Kershaw,0,#N/A,South Carolina,54,10,1,1,Kershaw South Carolina,45055,61697,121
Richland,0,#N/A,South Carolina,43,14,0,,Richland South Carolina,45079,384504,2585
Greenville,0,#N/A,South Carolina,31,12,0,,Greenville South Carolina,45045,451225,1681
Charleston,0,#N/A,South Carolina,31,17,1,,Charleston South Carolina,45019,350209,2166
Beaufort,0,#N/A,South Carolina,21,7,0,,Beaufort South Carolina,45013,162233,290
Lexington,0,#N/A,South Carolina,17,5,1,,Lexington South Carolina,45063,262391,556
Horry,0,#N/A,South Carolina,16,5,0,,Horry South Carolina,45051,269291,753
Anderson,0,#N/A,South Carolina,15,5,0,,Anderson South Carolina,45007,187126,755
Orangeburg,0,#N/A,South Carolina,8,5,0,,Orangeburg South Carolina,45075,92501,301
York,0,#N/A,South Carolina,7,3,0,,York South Carolina,45091,226073,334
Lancaster,0,#N/A,South Carolina,7,2,0,,Lancaster South Carolina,45057,76652,253
Darlington,0,#N/A,South Carolina,7,2,0,,Darlington South Carolina,45031,68681,188
Berkeley,0,#N/A,South Carolina,4,2,0,,Berkeley South Carolina,45015,177843,0
Sumter,0,#N/A,South Carolina,4,1,0,,Sumter South Carolina,45085,107456,283
Clarendon,0,#N/A,South Carolina,4,4,1,1,Clarendon South Carolina,45027,34971,89
Florence,0,#N/A,South Carolina,3,2,1,,Florence South Carolina,45041,136885,1025
Spartanburg,0,#N/A,South Carolina,3,1,0,,Spartanburg South Carolina,45083,284307,943
Oconee,0,#N/A,South Carolina,2,2,0,,Oconee South Carolina,45073,74273,169
Lee,0,#N/A,South Carolina,2,1,0,,Lee South Carolina,45061,19220,20
Greenwood,0,#N/A,South Carolina,2,,0,,Greenwood South Carolina,45047,69661,400
Fairfield,0,#N/A,South Carolina,2,1,0,,Fairfield South Carolina,45039,23956,25
Georgetown,0,#N/A,South Carolina,2,2,0,,Georgetown South Carolina,45043,60158,298
Dorchester,0,#N/A,South Carolina,2,1,0,,Dorchester South Carolina,45035,136555,104
Calhoun,0,#N/A,South Carolina,1,,0,,Calhoun South Carolina,45017,15175,0
Abbeville,0,#N/A,South Carolina,1,,0,,Abbeville South Carolina,45001,25417,25
Colleton,0,#N/A,South Carolina,1,,0,,Colleton South Carolina,45029,38892,131
Dillon,0,#N/A,South Carolina,1,,0,,Dillon South Carolina,45033,32062,79
Edgefield,0,#N/A,South Carolina,1,,0,,Edgefield South Carolina,45037,26985,25
Newberry,0,#N/A,South Carolina,1,,0,,Newberry South Carolina,45071,37508,90
Jasper,0,#N/A,South Carolina,1,,0,,Jasper South Carolina,45053,24777,41
Saluda,0,#N/A,South Carolina,1,,0,,Saluda South Carolina,45081,19875,0
Chester,0,#N/A,South Carolina,1,1,0,,Chester South Carolina,45023,33140,82
Pickens,0,#N/A,South Carolina,1,,0,,Pickens South Carolina,45077,119224,164
Aiken,0,#N/A,South Carolina,1,,0,,Aiken South Carolina,45003,160099,245
category Maryland,1,#N/A,Maryland,290,42,3,,category Maryland Maryland,#N/A,#N/A,#N/A
Montgomery,0,#N/A,Maryland,94,11,1,,Montgomery Maryland,24031,971777,1492
Prince George's,0,#N/A,Maryland,47,7,1,,Prince George's Maryland,24033,863420,836
Baltimore,0,#N/A,Maryland,35,7,1,,Baltimore Maryland,24005,805029,1899
Baltimore City,0,Baltimore Maryland,Maryland,31,7,0,,Baltimore City Maryland,24005,805029,1899
Howard,0,#N/A,Maryland,26,2,0,,Howard Maryland,24027,287085,581
Anne Arundel,0,#N/A,Maryland,20,2,0,,Anne Arundel Maryland,24003,537656,673
Charles,0,#N/A,Maryland,5,,0,,Charles Maryland,24017,146551,89
Carroll,0,#N/A,Maryland,5,1,0,,Carroll Maryland,24013,167134,409
Harford,0,#N/A,Maryland,5,,0,,Harford Maryland,24025,244826,255
Wicomico,0,#N/A,Maryland,4,2,0,,Wicomico Maryland,24045,98733,416
Frederick,0,#N/A,Maryland,4,2,0,,Frederick Maryland,24021,233385,308
Garrett,0,#N/A,Maryland,3,1,0,,Garrett Maryland,24023,30097,55
Worcester,0,#N/A,Maryland,2,,0,,Worcester Maryland,24047,51454,45
Washington,0,#N/A,Maryland,2,,0,,Washington Maryland,24043,147430,372
Calvert,0,#N/A,Maryland,1,,0,,Calvert Maryland,24009,88737,76
Talbot,0,#N/A,Maryland,1,,0,,Talbot Maryland,24041,37782,132
Caroline,0,#N/A,Maryland,1,,0,,Caroline Maryland,24011,33066,0
Queen Anne's,0,#N/A,Maryland,1,,0,,Queen Anne's Maryland,24035,47798,0
Somerset,0,#N/A,Maryland,1,,0,,Somerset Maryland,24039,26470,89
St. Mary's,0,#N/A,Maryland,1,,0,,St. Mary's Maryland,24037,105151,95
Cecil,0,#N/A,Maryland,1,,0,,Cecil Maryland,24015,101108,122
category Indiana,1,#N/A,Indiana,270,66,7,,category Indiana Indiana,#N/A,#N/A,#N/A
Marion,0,#N/A,Indiana,82,,3,,Marion Indiana,18097,903393,3595
Unassigned,2,#N/A,Indiana,56,56,0,,Unassigned Indiana,#N/A,#N/A,#N/A
Hamilton,0,#N/A,Indiana,18,,0,,Hamilton Indiana,18057,274569,577
St. Joseph,0,#N/A,Indiana,17,9,0,,St. Joseph Indiana,18141,266931,811
Johnson,0,#N/A,Indiana,12,,1,,Johnson Indiana,18081,139654,275
Lake,0,#N/A,Indiana,10,,0,,Lake Indiana,18089,496005,2597
Hendricks,0,#N/A,Indiana,8,,0,,Hendricks Indiana,18063,145448,287
Howard,0,#N/A,Indiana,6,,0,,Howard Indiana,18067,82752,254
Bartholomew,0,#N/A,Indiana,5,,0,,Bartholomew Indiana,18005,76794,198
Franklin,0,#N/A,Indiana,4,,0,,Franklin Indiana,18047,23087,0
Clark,0,#N/A,Indiana,4,,0,,Clark Indiana,18019,110232,378
Allen,0,#N/A,Indiana,4,,1,,Allen Indiana,18003,355329,1502
Elkhart,0,#N/A,Indiana,4,,0,,Elkhart Indiana,18039,197559,406
Boone,0,#N/A,Indiana,3,,0,,Boone Indiana,18011,56640,52
Floyd,0,#N/A,Indiana,3,,0,,Floyd Indiana,18043,74578,297
Madison,0,#N/A,Indiana,2,,0,,Madison Indiana,18095,131636,379
Vigo,0,#N/A,Indiana,2,,0,,Vigo Indiana,18167,107848,541
Grant,0,#N/A,Indiana,2,,0,,Grant Indiana,18053,70061,113
Delaware,0,#N/A,Indiana,2,,1,,Delaware Indiana,18035,117671,411
LaPorte,0,#N/A,Indiana,2,,0,,LaPorte Indiana,18091,111467,377
Hancock,0,#N/A,Indiana,2,,0,,Hancock Indiana,18059,70002,68
Tippecanoe,0,#N/A,Indiana,2,,0,,Tippecanoe Indiana,18157,172780,783
Starke,0,#N/A,Indiana,1,1,0,,Starke Indiana,18149,23363,53
Fayette,0,#N/A,Indiana,1,,0,,Fayette Indiana,18041,24277,99
Vanderburgh,0,#N/A,Indiana,1,,0,,Vanderburgh Indiana,18163,179703,1266
Jennings,0,#N/A,Indiana,1,,0,,Jennings Indiana,18079,28525,17
Shelby,0,#N/A,Indiana,1,,0,,Shelby Indiana,18145,44436,0
Wells,0,#N/A,Indiana,1,,0,,Wells Indiana,18179,27636,79
Scott,0,#N/A,Indiana,1,,1,,Scott Indiana,18143,24181,25
Noble,0,#N/A,Indiana,1,,0,,Noble Indiana,18113,47536,31
Greene,0,#N/A,Indiana,1,,0,,Greene Indiana,18055,33165,25
Wayne,0,#N/A,Indiana,1,,0,,Wayne Indiana,18177,68917,251
Monroe,0,#N/A,Indiana,1,,0,,Monroe Indiana,18105,137974,368
Miami,0,#N/A,Indiana,1,,0,,Miami Indiana,18103,36903,25
Tipton,0,#N/A,Indiana,1,,0,,Tipton Indiana,18159,15936,25
Putnam,0,#N/A,Indiana,1,,0,,Putnam Indiana,18133,37963,25
Morgan,0,#N/A,Indiana,1,,0,,Morgan Indiana,18109,68894,207
Ripley,0,#N/A,Indiana,1,,0,,Ripley Indiana,18137,28818,25
Washington,0,#N/A,Indiana,1,,0,,Washington Indiana,18175,28262,25
Dubois,0,#N/A,Indiana,1,,0,,Dubois Indiana,18037,41889,123
Adams,0,#N/A,Indiana,1,,0,,Adams Indiana,18001,34387,35
Owen,0,#N/A,Indiana,1,,0,,Owen Indiana,18119,21575,0
category Utah,1,#N/A,Utah,257,77,1,,category Utah Utah,#N/A,#N/A,#N/A
Salt Lake,0,#N/A,Utah,109,29,0,,Salt Lake Utah,49035,1029655,2932
Summit,0,#N/A,Utah,65,22,0,,Summit Utah,49043,36324,26
Davis,0,#N/A,Utah,29,10,1,,Davis Utah,49011,306479,579
Non-Utah resident,2,#N/A,Utah,13,1,0,,Non-Utah resident Utah,#N/A,#N/A,#N/A
Utah,0,#N/A,Utah,11,5,0,,Utah Utah,49049,516564,1033
Wasatch,0,#N/A,Utah,11,3,0,,Wasatch Utah,49051,23530,19
Weber-Morgan,0,Weber Utah,Utah,8,2,0,,Weber-Morgan Utah,49057,231236,477
Southwest Utah,2,#N/A,Utah,5,4,0,,Southwest Utah Utah,#N/A,#N/A,#N/A
Cache,0,#N/A,Utah,3,1,0,,Cache Utah,49005,112656,150
Tooele,0,#N/A,Utah,2,,0,,Tooele Utah,49045,58218,31
Box Elder,0,#N/A,Utah,1,,0,,Box Elder Utah,49003,49975,53
category Virginia,1,#N/A,Virginia,254,33,7,1,category Virginia Virginia,#N/A,#N/A,#N/A
Fairfax,0,#N/A,Virginia,43,12,1,,Fairfax Virginia,51059,1081726,1662
Arlington,0,#N/A,Virginia,34,8,0,,Arlington Virginia,51013,207627,334
James City,0,#N/A,Virginia,34,2,2,,James City Virginia,51095,67009,357
Prince William,0,#N/A,Virginia,18,,0,,Prince William Virginia,51153,402002,243
Virginia Beach,0,#N/A,Virginia,17,,1,1,Virginia Beach Virginia,51810,437994,542
Loudoun,0,#N/A,Virginia,15,,0,,Loudoun Virginia,51107,312311,462
Henrico,0,#N/A,Virginia,11,3,0,,Henrico Virginia,51087,306935,1031
Chesterfield,0,#N/A,Virginia,9,1,0,,Chesterfield Virginia,51041,316236,466
Richmond City,0,Richmond Virginia,Virginia,8,2,0,,Richmond City Virginia,51159,9254,0
Stafford,0,#N/A,Virginia,6,1,0,,Stafford Virginia,51179,128961,100
Alexandria,0,#N/A,Virginia,6,1,0,,Alexandria Virginia,51510,139966,318
Williamsburg,0,#N/A,Virginia,5,,1,,Williamsburg Virginia,51830,14068,40
York,0,#N/A,Virginia,5,,1,,York Virginia,51199,65464,145
Norfolk,0,#N/A,Virginia,4,1,0,,Norfolk Virginia,51710,242803,1400
Charlottesville,0,#N/A,Virginia,4,,0,,Charlottesville Virginia,51540,43475,614
Newport News,0,#N/A,Virginia,2,,1,,Newport News Virginia,51700,180719,792
Louisa,0,#N/A,Virginia,2,1,0,,Louisa Virginia,51109,33153,0
Goochland,0,#N/A,Virginia,2,,0,,Goochland Virginia,51075,21717,0
Culpeper,0,#N/A,Virginia,2,,0,,Culpeper Virginia,51047,46689,70
Hanover,0,#N/A,Virginia,2,1,0,,Hanover Virginia,51085,99863,265
Spotsylvania,0,#N/A,Virginia,2,,0,,Spotsylvania Virginia,51177,122397,100
Albemarle,0,#N/A,Virginia,2,,0,,Albemarle Virginia,51003,98970,266
Rockingham,0,#N/A,Virginia,2,,0,,Rockingham Virginia,51165,76314,238
Gloucester,0,#N/A,Virginia,2,,0,,Gloucester Virginia,51073,36858,67
Lee,0,#N/A,Virginia,2,,0,,Lee Virginia,51105,25587,0
Botetourt,0,#N/A,Virginia,1,,0,,Botetourt Virginia,51023,33148,0
Suffolk,0,#N/A,Virginia,1,,0,,Suffolk Virginia,51800,84585,150
Prince Edward,0,#N/A,Virginia,1,,0,,Prince Edward Virginia,51147,23368,116
Mecklenburg,0,#N/A,Virginia,1,,0,,Mecklenburg Virginia,51117,32727,99
Rockbridge,0,#N/A,Virginia,1,,0,,Rockbridge Virginia,51163,22307,0
Isle of Wight,0,#N/A,Virginia,1,,0,,Isle of Wight Virginia,51093,35270,0
Franklin,0,#N/A,Virginia,1,,0,,Franklin Virginia,51067,56159,37
Accomack,0,#N/A,Virginia,1,,0,,Accomack Virginia,51001,33164,0
Danville,0,#N/A,Virginia,1,,0,,Danville Virginia,51590,43055,250
Portsmouth City,0,Portsmouth Virginia,Virginia,1,,0,,Portsmouth City Virginia,51740,95535,346
Bedford,0,#N/A,Virginia,1,,0,,Bedford Virginia,51019,68676,50
Amherst,0,#N/A,Virginia,1,,0,,Amherst Virginia,51009,32353,0
Charles City,0,#N/A,Virginia,1,,0,,Charles City Virginia,51036,7256,0
Fluvanna,0,#N/A,Virginia,1,,0,,Fluvanna Virginia,51065,25691,0
Harrisonburg,0,#N/A,Virginia,1,,0,,Harrisonburg Virginia,51660,48914,0
category Mississippi,1,#N/A,Mississippi,249,42,1,,category Mississippi Mississippi,#N/A,#N/A,#N/A
Hinds,0,#N/A,Mississippi,24,4,0,,Hinds Mississippi,28049,245285,2427
Desoto,0,#N/A,Mississippi,23,5,0,,Desoto Mississippi,28033,161252,514
Harrison,0,#N/A,Mississippi,21,6,0,,Harrison Mississippi,28047,187105,867
Pearl River,0,#N/A,Mississippi,12,2,0,,Pearl River Mississippi,28109,55834,84
Madison,0,#N/A,Mississippi,11,2,0,,Madison Mississippi,28089,95203,67
Forrest,0,#N/A,Mississippi,11,,0,,Forrest Mississippi,28035,74934,545
Leflore,0,#N/A,Mississippi,9,1,0,,Leflore Mississippi,28083,32317,208
Tippah,0,#N/A,Mississippi,9,2,0,,Tippah Mississippi,28139,22232,25
Lee,0,#N/A,Mississippi,8,2,0,,Lee Mississippi,28081,82910,700
Coahoma,0,#N/A,Mississippi,8,1,0,,Coahoma Mississippi,28027,26151,181
Rankin,0,#N/A,Mississippi,8,1,0,,Rankin Mississippi,28121,141617,2081
Jackson,0,#N/A,Mississippi,7,2,0,,Jackson Mississippi,28059,139668,571
Holmes,0,#N/A,Mississippi,6,,0,,Holmes Mississippi,28051,19198,25
Lowndes,0,#N/A,Mississippi,6,2,0,,Lowndes Mississippi,28087,59779,315
Lafayette,0,#N/A,Mississippi,5,,0,,Lafayette Mississippi,28071,47351,217
Oktibbeha,0,#N/A,Mississippi,5,3,0,,Oktibbeha Mississippi,28105,47671,96
Washington,0,#N/A,Mississippi,4,1,0,,Washington Mississippi,28151,51137,363
Lincoln,0,#N/A,Mississippi,4,,0,,Lincoln Mississippi,28085,34869,99
Copiah,0,#N/A,Mississippi,4,,0,,Copiah Mississippi,28029,29449,25
Bolivar,0,#N/A,Mississippi,4,1,0,,Bolivar Mississippi,28011,34145,165
Pike,0,#N/A,Mississippi,4,1,0,,Pike Mississippi,28113,40404,197
Hancock,0,#N/A,Mississippi,4,,1,,Hancock Mississippi,28045,43929,102
Wilkinson,0,#N/A,Mississippi,3,,0,,Wilkinson Mississippi,28157,9878,0
Franklin,0,#N/A,Mississippi,3,,0,,Franklin Mississippi,28037,8118,25
Itawamba,0,#N/A,Mississippi,3,,0,,Itawamba Mississippi,28057,23401,0
Chickasaw,0,#N/A,Mississippi,3,2,0,,Chickasaw Mississippi,28017,17392,84
Marshall,0,#N/A,Mississippi,3,,0,,Marshall Mississippi,28093,37144,40
Lawrence,0,#N/A,Mississippi,2,,0,,Lawrence Mississippi,28077,12929,25
Adams,0,#N/A,Mississippi,2,1,0,,Adams Mississippi,28001,32297,179
Grenada,0,#N/A,Mississippi,2,,0,,Grenada Mississippi,28043,21906,156
Winston,0,#N/A,Mississippi,2,,0,,Winston Mississippi,28159,19198,66
Walthall,0,#N/A,Mississippi,2,,0,,Walthall Mississippi,28147,15443,25
Panola,0,#N/A,Mississippi,2,,0,,Panola Mississippi,28107,34707,112
Tunica,0,#N/A,Mississippi,2,,0,,Tunica Mississippi,28143,10778,0
Monroe,0,#N/A,Mississippi,2,,0,,Monroe Mississippi,28095,36989,130
Sunflower,0,#N/A,Mississippi,2,,0,,Sunflower Mississippi,28133,29450,140
Webster,0,#N/A,Mississippi,1,,0,,Webster Mississippi,28155,10253,38
Leake,0,#N/A,Mississippi,1,,0,,Leake Mississippi,28079,23805,25
Tallahatchie,0,#N/A,Mississippi,1,1,0,,Tallahatchie Mississippi,28135,15378,18
Smith,0,#N/A,Mississippi,1,,0,,Smith Mississippi,28129,16491,29
Clay,0,#N/A,Mississippi,1,,0,,Clay Mississippi,28025,20634,60
Humphreys,0,#N/A,Mississippi,1,,0,,Humphreys Mississippi,28053,9375,0
George,0,#N/A,Mississippi,1,,0,,George Mississippi,28039,22578,48
Union,0,#N/A,Mississippi,1,,0,,Union Mississippi,28145,27134,153
Jones,0,#N/A,Mississippi,1,,0,,Jones Mississippi,28067,67761,285
Perry,0,#N/A,Mississippi,1,,0,,Perry Mississippi,28111,12250,22
Montgomery,0,#N/A,Mississippi,1,,0,,Montgomery Mississippi,28097,10925,25
Yazoo,0,#N/A,Mississippi,1,,0,,Yazoo Mississippi,28163,28065,25
Pontotoc,0,#N/A,Mississippi,1,,0,,Pontotoc Mississippi,28115,29957,25
Scott,0,#N/A,Mississippi,1,,0,,Scott Mississippi,28123,28264,60
Attala,0,#N/A,Mississippi,1,,0,,Attala Mississippi,28007,19564,25
Tate,0,#N/A,Mississippi,1,,0,,Tate Mississippi,28137,28886,76
Lamar,0,#N/A,Mississippi,1,1,0,,Lamar Mississippi,28073,55658,261
Marion,0,#N/A,Mississippi,1,1,0,,Marion Mississippi,28091,27088,49
Simpson,0,#N/A,Mississippi,1,,0,,Simpson Mississippi,28127,27503,99
category Nevada,1,#N/A,Nevada,245,54,4,2,category Nevada Nevada,#N/A,#N/A,#N/A
Clark,0,#N/A,Nevada,126,,4,2,Clark Nevada,32003,1951269,5467
Unassigned,2,#N/A,Nevada,89,53,0,,Unassigned Nevada,#N/A,#N/A,#N/A
Washoe,0,#N/A,Nevada,25,,0,,Washoe Nevada,32031,421407,1690
Carson City,0,#N/A,Nevada,3,1,0,,Carson City Nevada,32510,55274,229
Elko County,0,Elko Nevada,Nevada,2,,0,,Elko County Nevada,32007,48818,50
category Minnesota,1,#N/A,Minnesota,235,66,1,,category Minnesota Minnesota,#N/A,#N/A,#N/A
Hennepin,0,#N/A,Minnesota,89,32,0,,Hennepin Minnesota,27053,1152425,4668
Ramsey,0,#N/A,Minnesota,24,6,1,,Ramsey Minnesota,27123,508640,1907
Dakota,0,#N/A,Minnesota,18,7,0,,Dakota Minnesota,27037,398552,259
Olmsted,0,#N/A,Minnesota,16,2,0,,Olmsted Minnesota,27109,144248,2120
Washington,0,#N/A,Minnesota,10,3,0,,Washington Minnesota,27163,238136,183
Martin,0,#N/A,Minnesota,8,,0,,Martin Minnesota,27091,20840,57
Carver,0,#N/A,Minnesota,8,1,0,,Carver Minnesota,27019,91042,109
Anoka,0,#N/A,Minnesota,7,2,0,,Anoka Minnesota,27003,330844,546
Mower,0,#N/A,Minnesota,6,,0,,Mower Minnesota,27099,39163,82
Blue earth,0,#N/A,Minnesota,5,1,0,,Blue earth Minnesota,27013,64013,272
Scott,0,#N/A,Minnesota,5,2,0,,Scott Minnesota,27139,129928,142
Stearns,0,#N/A,Minnesota,5,1,0,,Stearns Minnesota,27145,150642,571
Nicollet,0,#N/A,Minnesota,3,,0,,Nicollet Minnesota,27103,32727,17
Wright,0,#N/A,Minnesota,3,,0,,Wright Minnesota,27171,124700,104
Steele,0,#N/A,Minnesota,3,,0,,Steele Minnesota,27147,36576,43
Filmore,0,Fillmore Minnesota,Minnesota,3,1,0,,Filmore Minnesota,27045,20866,0
Waseca,0,#N/A,Minnesota,2,1,0,,Waseca Minnesota,27161,19136,35
Rice,0,#N/A,Minnesota,2,1,0,,Rice Minnesota,27131,64142,49
Chisago,0,#N/A,Minnesota,2,1,0,,Chisago Minnesota,27025,53887,61
Clay,0,#N/A,Minnesota,2,,0,,Clay Minnesota,27027,58999,0
St. Louis,0,#N/A,Minnesota,2,1,0,,St. Louis Minnesota,27137,200226,1125
Dodge,0,#N/A,Minnesota,2,,0,,Dodge Minnesota,27039,20087,0
Jackson,0,#N/A,Minnesota,1,,0,,Jackson Minnesota,27063,10266,20
Wabasha,0,#N/A,Minnesota,1,,0,,Wabasha Minnesota,27157,21676,25
Benton,0,#N/A,Minnesota,1,,0,,Benton Minnesota,27009,38451,0
Renville,0,#N/A,Minnesota,1,,0,,Renville Minnesota,27129,15730,16
Cass,0,#N/A,Minnesota,1,,0,,Cass Minnesota,27021,28567,0
Le Sueur,0,#N/A,Minnesota,1,,0,,Le Sueur Minnesota,27079,27703,15
Big Stone,0,#N/A,Minnesota,1,1,0,,Big Stone Minnesota,27011,5269,40
Lac Qui Parle,0,#N/A,Minnesota,1,1,0,,Lac Qui Parle Minnesota,27073,7259,32
Sherburne,0,#N/A,Minnesota,1,1,0,,Sherburne Minnesota,27141,88499,54
Unassigned,2,#N/A,Minnesota,1,1,0,,Unassigned Minnesota,#N/A,#N/A,#N/A
category Arizona,1,#N/A,Arizona,235,83,2,,category Arizona Arizona,#N/A,#N/A,#N/A
Maricopa,0,#N/A,Arizona,139,58,2,,Maricopa Arizona,04013,3817117,9705
Navajo,0,#N/A,Arizona,25,12,0,,Navajo Arizona,04017,107449,130
Pima,0,#N/A,Arizona,24,7,0,,Pima Arizona,04019,980263,3018
Pinal,0,#N/A,Arizona,17,1,0,,Pinal Arizona,04021,375770,388
Coconino,0,#N/A,Arizona,17,3,0,,Coconino Arizona,04005,134421,308
Apache,0,#N/A,Arizona,4,1,0,,Apache Arizona,04001,71518,45
Yavapai,0,#N/A,Arizona,3,,0,,Yavapai Arizona,04025,211033,332
Graham,0,#N/A,Arizona,2,,0,,Graham Arizona,04009,37220,49
Yuma,0,#N/A,Arizona,2,1,0,,Yuma Arizona,04027,195751,410
Santa Cruz,0,#N/A,Arizona,1,,0,,Santa Cruz Arizona,04023,47420,56
Cochise,0,#N/A,Arizona,1,,0,,Cochise Arizona,04003,131346,184
category Arkansas,1,#N/A,Arkansas,197,31,0,,category Arkansas Arkansas,#N/A,#N/A,#N/A
Pulaski,0,#N/A,Arkansas,61,7,0,,Pulaski Arkansas,05119,382748,3071
Cleburne,0,#N/A,Arkansas,27,2,0,,Cleburne Arkansas,05023,25970,25
Jefferson,0,#N/A,Arkansas,21,1,0,,Jefferson Arkansas,05069,77435,498
Faulkner,0,#N/A,Arkansas,10,4,0,,Faulkner Arkansas,05045,113237,172
Garland,0,#N/A,Arkansas,9,,0,,Garland Arkansas,05051,96024,611
Unassigned,2,#N/A,Arkansas,8,8,0,,Unassigned Arkansas,#N/A,#N/A,#N/A
Clark,0,#N/A,Arkansas,7,5,0,,Clark Arkansas,05019,22995,25
Washington,0,#N/A,Arkansas,5,,0,,Washington Arkansas,05143,203065,851
Craighead,0,#N/A,Arkansas,4,,0,,Craighead Arkansas,05031,96443,619
Saline,0,#N/A,Arkansas,4,,0,,Saline Arkansas,05125,107118,244
Bradley,0,#N/A,Arkansas,4,,0,,Bradley Arkansas,05011,11508,35
Poinsett,0,#N/A,Arkansas,3,,0,,Poinsett Arkansas,05111,24583,0
Independence,0,#N/A,Arkansas,3,,0,,Independence Arkansas,05063,36647,199
Van Buren,0,#N/A,Arkansas,3,,0,,Van Buren Arkansas,05141,17295,25
Grant,0,#N/A,Arkansas,3,,0,,Grant Arkansas,05053,17853,0
Cleveland,0,#N/A,Arkansas,3,,0,,Cleveland Arkansas,05025,8689,0
Desha,0,#N/A,Arkansas,2,,0,,Desha Arkansas,05041,13008,50
Lincoln,0,#N/A,Arkansas,2,,0,,Lincoln Arkansas,05079,14134,0
Searcy,0,#N/A,Arkansas,2,,0,,Searcy Arkansas,05129,8195,0
Crittenden,0,#N/A,Arkansas,1,,0,,Crittenden Arkansas,05035,50902,54
Greene,0,#N/A,Arkansas,1,,0,,Greene Arkansas,05055,42090,129
Polk,0,#N/A,Arkansas,1,,0,,Polk Arkansas,05113,20662,65
Sevier,0,#N/A,Arkansas,1,,0,,Sevier Arkansas,05133,17058,35
Pope,0,#N/A,Arkansas,1,,0,,Pope Arkansas,05115,61754,170
Crawford,0,#N/A,Arkansas,1,1,0,,Crawford Arkansas,05033,61948,103
Sebastian,0,#N/A,Arkansas,1,,0,,Sebastian Arkansas,05131,125744,1050
Columbia,0,#N/A,Arkansas,1,,0,,Columbia Arkansas,05027,24552,70
Conway,0,#N/A,Arkansas,1,,0,,Conway Arkansas,05029,21273,35
Union,0,#N/A,Arkansas,1,,0,,Union Arkansas,05139,41639,166
Woodruff,0,#N/A,Arkansas,1,,0,,Woodruff Arkansas,05147,7260,0
Lawrence,0,#N/A,Arkansas,1,1,0,,Lawrence Arkansas,05075,17415,25
Boone,0,#N/A,Arkansas,1,,0,,Boone Arkansas,05009,36903,174
White,0,#N/A,Arkansas,1,1,0,,White Arkansas,05145,77076,506
Stone,0,#N/A,Arkansas,1,1,0,,Stone Arkansas,05137,12394,25
Benton,0,#N/A,Arkansas,1,,0,,Benton Arkansas,05007,221339,170
category Alabama,1,#N/A,Alabama,196,39,0,,category Alabama Alabama,#N/A,#N/A,#N/A
Jefferson,0,#N/A,Alabama,86,15,0,,Jefferson Alabama,01073,658466,4392
Shelby,0,#N/A,Alabama,22,5,0,,Shelby Alabama,01117,195085,349
Madison,0,#N/A,Alabama,21,5,0,,Madison Alabama,01089,334811,1178
Lee,0,#N/A,Alabama,19,3,0,,Lee Alabama,01081,140247,314
Tuscaloosa,0,#N/A,Alabama,9,2,0,,Tuscaloosa Alabama,01125,194656,933
Elmore,0,#N/A,Alabama,6,,0,,Elmore Alabama,01051,79303,138
Montgomery,0,#N/A,Alabama,4,1,0,,Montgomery Alabama,01101,229363,1143
St. Clair,0,#N/A,Alabama,3,,0,,St. Clair Alabama,01115,83593,40
Baldwin,0,#N/A,Alabama,3,1,0,,Baldwin Alabama,01003,182265,398
Walker,0,#N/A,Alabama,3,2,0,,Walker Alabama,01127,67023,267
Lauderdale,0,#N/A,Alabama,3,1,0,,Lauderdale Alabama,01077,92709,358
Calhoun,0,#N/A,Alabama,2,1,0,,Calhoun Alabama,01015,118572,590
Chambers,0,#N/A,Alabama,2,,0,,Chambers Alabama,01017,34215,115
Mobile,0,#N/A,Alabama,2,,0,,Mobile Alabama,01097,412992,1929
Cullman,0,#N/A,Alabama,2,,0,,Cullman Alabama,01043,80406,185
Jackson,0,#N/A,Alabama,1,,0,,Jackson Alabama,01071,53227,170
Lamar,0,#N/A,Alabama,1,,0,,Lamar Alabama,01075,14564,0
Tallapoosa,0,#N/A,Alabama,1,1,0,,Tallapoosa Alabama,01123,41616,127
Washington,0,#N/A,Alabama,1,,0,,Washington Alabama,01129,17581,25
Limestone,0,#N/A,Alabama,1,,0,,Limestone Alabama,01083,82782,102
Marion,0,#N/A,Alabama,1,,0,,Marion Alabama,01093,30776,120
Franklin,0,#N/A,Alabama,1,1,0,,Franklin Alabama,01059,31704,125
Houston,0,#N/A,Alabama,1,1,0,,Houston Alabama,01069,101547,782
Talladega,0,#N/A,Alabama,1,,0,,Talladega Alabama,01121,82291,285
category Missouri,1,#N/A,Missouri,195,45,4,1,category Missouri Missouri,#N/A,#N/A,#N/A
St. Louis,0,#N/A,Missouri,69,14,1,,St. Louis Missouri,29189,998954,4820
Kansas City,0,3 combined with Jackson,Missouri,25,12,0,,Kansas City Missouri,#N/A,#N/A,#N/A
Boone,0,#N/A,Missouri,17,,1,,Boone Missouri,29019,162642,620
Greene,0,#N/A,Missouri,17,3,0,,Greene Missouri,29077,275174,1402
St. Louis City,0,St. Louis Missouri,Missouri,15,1,1,1,St. Louis City Missouri,29189,998954,4820
Jackson,0,3,Missouri,35,14,1,,Jackson Missouri,29095,674158,3934
Cass,0,#N/A,Missouri,6,,0,,Cass Missouri,29037,99478,106
Cole,0,#N/A,Missouri,5,1,0,,Cole Missouri,29051,75990,268
Unassigned,2,#N/A,Missouri,4,2,0,,Unassigned Missouri,#N/A,#N/A,#N/A
St. Charles,0,#N/A,Missouri,4,1,0,,St. Charles Missouri,29183,360485,852
Clay,0,#N/A,Missouri,3,3,0,,Clay Missouri,29047,221939,905
Adair,0,#N/A,Missouri,2,1,0,,Adair Missouri,29001,25607,93
Christian,0,#N/A,Missouri,2,,0,,Christian Missouri,29043,77422,0
Dunklin,0,#N/A,Missouri,1,,0,,Dunklin Missouri,29069,31953,116
Callaway,0,#N/A,Missouri,1,1,0,,Callaway Missouri,29027,44332,37
Scott,0,#N/A,Missouri,1,,0,,Scott Missouri,29201,39191,144
Johnson,0,#N/A,Missouri,1,,0,,Johnson Missouri,29101,52595,75
Bates,0,#N/A,Missouri,1,,0,,Bates Missouri,29013,17049,60
St. Francois,0,#N/A,Missouri,1,,0,,St. Francois Missouri,29187,65359,133
Henry,0,#N/A,Missouri,1,,0,,Henry Missouri,29083,22272,97
Camden,0,#N/A,Missouri,1,,0,,Camden Missouri,29029,44002,130
Moniteau,0,#N/A,Missouri,1,,0,,Moniteau Missouri,29135,15607,0
Perry,0,#N/A,Missouri,1,,0,,Perry Missouri,29157,18971,25
Platte,0,#N/A,Missouri,1,1,0,,Platte Missouri,29165,89322,97
Pulaski,0,#N/A,Missouri,1,,0,,Pulaski Missouri,29169,52274,0
Clinton,0,#N/A,Missouri,1,1,0,,Clinton Missouri,29049,20743,58
Lafayette,0,#N/A,Missouri,1,1,0,,Lafayette Missouri,29107,33381,32
Taney,0,#N/A,Missouri,1,1,0,,Taney Missouri,29213,51675,157
Jasper,0,#N/A,Missouri,1,,0,,Jasper Missouri,29097,117404,25
category Oregon,1,#N/A,Oregon,191,30,5,,category Oregon Oregon,#N/A,#N/A,#N/A
Washington,0,#N/A,Oregon,69,14,1,,Washington Oregon,41067,529710,869
Marion,0,#N/A,Oregon,30,8,1,,Marion Oregon,41047,315335,496
Multnomah,0,#N/A,Oregon,21,2,1,,Multnomah Oregon,41051,735334,1978
Linn,0,#N/A,Oregon,20,1,1,,Linn Oregon,41043,116672,98
Clackamas,0,#N/A,Oregon,14,2,0,,Clackamas Oregon,41005,375992,551
Deschutes,0,#N/A,Oregon,10,,0,,Deschutes Oregon,41017,157733,308
Yamhill,0,#N/A,Oregon,6,,0,,Yamhill Oregon,41071,99193,128
Benton,0,#N/A,Oregon,4,,0,,Benton Oregon,41003,85579,164
Lane,0,#N/A,Oregon,4,,1,,Lane Oregon,41039,351715,531
Polk,0,#N/A,Oregon,3,2,0,,Polk Oregon,41053,75403,15
Jackson,0,#N/A,Oregon,2,,0,,Jackson Oregon,41029,203206,545
Umatilla,0,#N/A,Oregon,2,,0,,Umatilla Oregon,41059,75889,455
Klamath,0,#N/A,Oregon,1,,0,,Klamath Oregon,41035,66380,98
Douglas,0,#N/A,Oregon,1,,0,,Douglas Oregon,41019,107667,141
Grant,0,#N/A,Oregon,1,,0,,Grant Oregon,41023,7445,25
Union,0,#N/A,Oregon,1,,0,,Union Oregon,41061,25748,25
Josephine,0,#N/A,Oregon,1,,0,,Josephine Oregon,41033,82713,125
Hood River,0,#N/A,Oregon,1,1,0,,Hood River Oregon,41027,22346,25
category Kentucky,1,#N/A,Kentucky,124,21,4,1,category Kentucky Kentucky,#N/A,#N/A,#N/A
Jefferson,0,#N/A,Kentucky,33,,1,,Jefferson Kentucky,21111,741096,4795
Fayette,0,#N/A,Kentucky,15,,1,1,Fayette Kentucky,21067,295803,2379
Unassigned,2,#N/A,Kentucky,15,15,0,,Unassigned Kentucky,#N/A,#N/A,#N/A
Daviess,0,#N/A,Kentucky,11,,0,,Daviess Kentucky,21059,96656,527
Harrison,0,#N/A,Kentucky,8,,0,,Harrison Kentucky,21097,18846,61
Kenton,0,#N/A,Kentucky,5,2,0,,Kenton Kentucky,21117,159720,728
Warren,0,#N/A,Kentucky,4,2,0,,Warren Kentucky,21227,113792,733
Pulaski,0,#N/A,Kentucky,3,1,0,,Pulaski Kentucky,21199,63063,295
Franklin,0,#N/A,Kentucky,2,,0,,Franklin Kentucky,21073,49285,173
Clark,0,#N/A,Kentucky,2,,0,,Clark Kentucky,21049,35613,54
Henderson,0,#N/A,Kentucky,2,,0,,Henderson Kentucky,21101,46250,192
Bourbon,0,#N/A,Kentucky,2,,1,,Bourbon Kentucky,21017,19985,58
Anderson,0,#N/A,Kentucky,2,1,1,,Anderson Kentucky,21005,21421,0
Madison,0,#N/A,Kentucky,2,,0,,Madison Kentucky,21151,82916,130
Muhlenberg,0,#N/A,Kentucky,2,,0,,Muhlenberg Kentucky,21177,31499,90
Montgomery,0,#N/A,Kentucky,2,,0,,Montgomery Kentucky,21173,26499,42
Hardin,0,#N/A,Kentucky,2,,0,,Hardin Kentucky,21093,105543,465
Christian,0,#N/A,Kentucky,2,,0,,Christian Kentucky,21047,73955,786
Oldham,0,#N/A,Kentucky,1,,0,,Oldham Kentucky,21185,60316,187
Breathitt,0,#N/A,Kentucky,1,,0,,Breathitt Kentucky,21025,13878,55
Jessamine,0,#N/A,Kentucky,1,,0,,Jessamine Kentucky,21113,48586,0
Calloway,0,#N/A,Kentucky,1,,0,,Calloway Kentucky,21035,37191,152
Nelson,0,#N/A,Kentucky,1,,0,,Nelson Kentucky,21179,43437,40
Menifee,0,#N/A,Kentucky,1,,0,,Menifee Kentucky,21165,6306,0
Lyon,0,#N/A,Kentucky,1,,0,,Lyon Kentucky,21143,8314,0
Spencer,0,#N/A,Kentucky,1,,0,,Spencer Kentucky,21215,17061,0
Northern Kentucky,2,#N/A,Kentucky,1,,0,,Northern Kentucky Kentucky,#N/A,#N/A,#N/A
Martin,0,#N/A,Kentucky,1,,0,,Martin Kentucky,21159,12929,0
"category Washington, D.C.",1,#N/A,"Washington, D.C.",120,,2,,"category Washington, D.C. Washington, D.C.",#N/A,#N/A,#N/A
District of Columbia,0,District of Columbia District of Columbia,"Washington, D.C.",120,,2,,"District of Columbia Washington, D.C.",11001,601723,4304
category Maine,1,#N/A,Maine,107,21,0,,category Maine Maine,#N/A,#N/A,#N/A
Cumberland,0,#N/A,Maine,66,13,0,,Cumberland Maine,23005,281674,1184
York,0,#N/A,Maine,12,4,0,,York Maine,23031,197131,245
Lincoln,0,#N/A,Maine,5,1,0,,Lincoln Maine,23015,34457,32
Oxford,0,#N/A,Maine,5,1,0,,Oxford Maine,23017,57833,75
Unassigned,2,#N/A,Maine,5,,0,,Unassigned Maine,#N/A,#N/A,#N/A
Kennebec,0,#N/A,Maine,4,,0,,Kennebec Maine,23011,122151,425
Androscoggin,0,#N/A,Maine,3,,0,,Androscoggin Maine,23001,107702,483
Penobscot,0,#N/A,Maine,3,1,0,,Penobscot Maine,23019,153923,773
Sagadahoc,0,#N/A,Maine,3,,0,,Sagadahoc Maine,23023,35293,0
Knox,0,#N/A,Maine,1,1,0,,Knox Maine,23013,39736,109
category Rhode Island,1,#N/A,Rhode Island,106,23,0,,category Rhode Island Rhode Island,#N/A,#N/A,#N/A
Providence,0,#N/A,Rhode Island,52,7,0,,Providence Rhode Island,44007,626667,3272
Bristol,0,#N/A,Rhode Island,24,10,0,,Bristol Rhode Island,44001,49875,0
Newport,0,#N/A,Rhode Island,9,1,0,,Newport Rhode Island,44005,82888,129
Washington,0,#N/A,Rhode Island,9,,0,,Washington Rhode Island,44009,126979,225
Kent,0,#N/A,Rhode Island,7,,0,,Kent Rhode Island,44003,166158,359
Unassigned,2,#N/A,Rhode Island,5,5,0,,Unassigned Rhode Island,#N/A,#N/A,#N/A
category Iowa,1,#N/A,Iowa,105,15,0,,category Iowa Iowa,#N/A,#N/A,#N/A
Johnson,0,#N/A,Iowa,35,3,0,,Johnson Iowa,19103,130882,1383
Polk,0,#N/A,Iowa,12,2,0,,Polk Iowa,19153,430640,1725
Dubuque,0,#N/A,Iowa,6,2,0,,Dubuque Iowa,19061,93653,470
Linn,0,#N/A,Iowa,6,2,0,,Linn Iowa,19113,211226,1018
Dallas,0,#N/A,Iowa,6,,0,,Dallas Iowa,19049,66135,120
Allamakee,0,#N/A,Iowa,6,1,0,,Allamakee Iowa,19005,14330,25
Harrison,0,#N/A,Iowa,3,,0,,Harrison Iowa,19085,14928,25
Black Hawk,0,#N/A,Iowa,3,,0,,Black Hawk Iowa,19013,131090,459
Washington,0,#N/A,Iowa,3,,0,,Washington Iowa,19183,21704,25
Muscatine,0,#N/A,Iowa,3,1,0,,Muscatine Iowa,19139,42745,48
Tama,0,#N/A,Iowa,3,,0,,Tama Iowa,19171,17767,0
Pottawattamie,0,#N/A,Iowa,2,,0,,Pottawattamie Iowa,19155,93158,514
Woodbury,0,#N/A,Iowa,2,1,0,,Woodbury Iowa,19193,102172,830
Cerro Gordo,0,#N/A,Iowa,2,,0,,Cerro Gordo Iowa,19033,44151,586
Hancock,0,#N/A,Iowa,2,2,0,,Hancock Iowa,19081,11341,25
Henry,0,#N/A,Iowa,1,,0,,Henry Iowa,19087,20145,152
Adair,0,#N/A,Iowa,1,,0,,Adair Iowa,19001,7682,25
Scott,0,#N/A,Iowa,1,,0,,Scott Iowa,19163,165224,1193
Wapello,0,#N/A,Iowa,1,1,0,,Wapello Iowa,19179,35625,217
Carroll,0,#N/A,Iowa,1,,0,,Carroll Iowa,19027,20816,116
Winneshiek,0,#N/A,Iowa,1,,0,,Winneshiek Iowa,19191,21056,25
Kossuth,0,#N/A,Iowa,1,,0,,Kossuth Iowa,19109,15543,25
Sioux,0,#N/A,Iowa,1,,0,,Sioux Iowa,19167,33704,96
Poweshiek,0,#N/A,Iowa,1,,0,,Poweshiek Iowa,19157,18914,49
Fayette,0,#N/A,Iowa,1,,0,,Fayette Iowa,19065,20880,50
Story,0,#N/A,Iowa,1,,0,,Story Iowa,19169,89542,254
category New Hampshire,1,#N/A,New Hampshire,101,23,1,1,category New Hampshire New Hampshire,#N/A,#N/A,#N/A
Rockingham,0,#N/A,New Hampshire,28,,0,,Rockingham New Hampshire,33015,295223,606
Unassigned,2,#N/A,New Hampshire,23,23,0,,Unassigned New Hampshire,#N/A,#N/A,#N/A
Hillsborough,0,#N/A,New Hampshire,16,,1,1,Hillsborough New Hampshire,33011,400721,1144
Grafton,0,#N/A,New Hampshire,15,,0,,Grafton New Hampshire,33009,89118,496
Carroll,0,#N/A,New Hampshire,6,,0,,Carroll New Hampshire,33003,47818,50
Merrimack,0,#N/A,New Hampshire,4,,0,,Merrimack New Hampshire,33013,146445,395
Berknap,0,Belknap New Hampshire,New Hampshire,4,,0,,Berknap New Hampshire,33001,60088,137
Strafford,0,#N/A,New Hampshire,3,,0,,Strafford New Hampshire,33017,123143,290
Cheshire,0,#N/A,New Hampshire,1,,0,,Cheshire New Hampshire,33005,77117,169
Sullivan,0,#N/A,New Hampshire,1,,0,,Sullivan New Hampshire,33019,43742,25
category Kansas,1,#N/A,Kansas,84,17,2,,category Kansas Kansas,#N/A,#N/A,#N/A
Johnson,0,#N/A,Kansas,32,4,1,,Johnson Kansas,20091,544179,1563
Wyandotte,0,#N/A,Kansas,16,2,1,,Wyandotte Kansas,20209,157505,1196
Douglas,0,#N/A,Kansas,8,4,0,,Douglas Kansas,20045,110826,152
Leavenworth,0,#N/A,Kansas,5,1,0,,Leavenworth Kansas,20103,76227,130
Butler,0,#N/A,Kansas,3,,0,,Butler Kansas,20015,65880,126
Linn,0,#N/A,Kansas,2,,0,,Linn Kansas,20107,9656,0
Crawford,0,#N/A,Kansas,2,2,0,,Crawford Kansas,20037,39134,146
Cherokee,0,#N/A,Kansas,2,1,0,,Cherokee Kansas,20021,21603,54
Mitchell,0,#N/A,Kansas,2,1,0,,Mitchell Kansas,20123,6373,75
Lyon,0,#N/A,Kansas,2,,0,,Lyon Kansas,20111,33690,59
Morris,0,#N/A,Kansas,2,,0,,Morris Kansas,20127,5923,25
Sedgwick,0,#N/A,Kansas,2,,0,,Sedgwick Kansas,20173,498365,1140
Reno,0,#N/A,Kansas,2,1,0,,Reno Kansas,20155,64511,223
Jackson,0,#N/A,Kansas,1,,0,,Jackson Kansas,20085,13462,12
Bourbon,0,#N/A,Kansas,1,,0,,Bourbon Kansas,20011,15173,61
Franklin,0,#N/A,Kansas,1,,0,,Franklin Kansas,20059,25992,44
Pottawatomie,0,#N/A,Kansas,1,1,0,,Pottawatomie Kansas,20149,21604,177
Ford,0,#N/A,Kansas,0,,0,,Ford Kansas,20057,33848,99
category New Mexico,1,#N/A,New Mexico,83,18,0,,category New Mexico New Mexico,#N/A,#N/A,#N/A
Bernalillo,0,#N/A,New Mexico,38,4,0,,Bernalillo New Mexico,35001,662564,2020
Santa Fe,0,#N/A,New Mexico,12,2,0,,Santa Fe New Mexico,35049,144170,258
Dona Ana,0,Doa Ana New Mexico,New Mexico,10,6,0,,Dona Ana New Mexico,35013,209233,603
Sandoval,0,#N/A,New Mexico,7,,0,,Sandoval New Mexico,35043,131561,271
Chaves,0,#N/A,New Mexico,4,4,0,,Chaves New Mexico,35005,65645,229
Taos,0,#N/A,New Mexico,3,,0,,Taos New Mexico,35055,32937,29
San Juan,0,#N/A,New Mexico,3,2,0,,San Juan New Mexico,35045,130044,267
McKinley,0,#N/A,New Mexico,2,,0,,McKinley New Mexico,35031,71492,228
Socorro,0,#N/A,New Mexico,2,,0,,Socorro New Mexico,35053,17866,24
Lea,0,#N/A,New Mexico,1,,0,,Lea New Mexico,35025,64727,211
San Miguel,0,#N/A,New Mexico,1,,0,,San Miguel New Mexico,35047,29393,175
category Oklahoma,1,#N/A,Oklahoma,81,14,2,,category Oklahoma Oklahoma,#N/A,#N/A,#N/A
Oklahoma,0,#N/A,Oklahoma,29,3,0,,Oklahoma Oklahoma,40109,718633,4624
Cleveland,0,#N/A,Oklahoma,16,3,0,,Cleveland Oklahoma,40027,255755,807
Tulsa,0,#N/A,Oklahoma,11,5,1,,Tulsa Oklahoma,40143,603403,3732
Kay,0,#N/A,Oklahoma,5,1,0,,Kay Oklahoma,40071,46562,193
Payne,0,#N/A,Oklahoma,3,1,0,,Payne Oklahoma,40119,77350,216
Pawnee,0,#N/A,Oklahoma,3,,1,,Pawnee Oklahoma,40117,16577,14
Canadian,0,#N/A,Oklahoma,2,,0,,Canadian Oklahoma,40017,115541,123
Washington,0,#N/A,Oklahoma,2,,0,,Washington Oklahoma,40147,50976,140
Garvin,0,#N/A,Oklahoma,2,,0,,Garvin Oklahoma,40049,27576,90
Grady,0,#N/A,Oklahoma,1,,0,,Grady Oklahoma,40051,52431,99
Logan,0,#N/A,Oklahoma,1,,0,,Logan Oklahoma,40083,41848,25
McClain,0,#N/A,Oklahoma,1,,0,,McClain Oklahoma,40087,34506,39
Pontotoc,0,#N/A,Oklahoma,1,1,0,,Pontotoc Oklahoma,40123,37492,216
Jackson,0,#N/A,Oklahoma,1,,0,,Jackson Oklahoma,40065,26446,49
Muskogee,0,#N/A,Oklahoma,1,,0,,Muskogee Oklahoma,40101,70990,429
Noble,0,#N/A,Oklahoma,1,,0,,Noble Oklahoma,40103,11561,26
Custer,0,#N/A,Oklahoma,1,,0,,Custer Oklahoma,40039,27469,81
category Hawaii,1,#N/A,Hawaii,77,21,0,,category Hawaii Hawaii,#N/A,#N/A,#N/A
Honolulu,0,#N/A,Hawaii,53,12,0,,Honolulu Hawaii,15003,953207,2219
Maui,0,#N/A,Hawaii,11,2,0,,Maui Hawaii,15009,154834,258
Hawaii,0,#N/A,Hawaii,5,2,0,,Hawaii Hawaii,15001,185079,504
Unassigned,2,#N/A,Hawaii,5,5,0,,Unassigned Hawaii,#N/A,#N/A,#N/A
Kauai,0,#N/A,Hawaii,3,,0,,Kauai Hawaii,15007,67091,144
category Vermont,1,#N/A,Vermont,75,23,5,3,category Vermont Vermont,#N/A,#N/A,#N/A
Chittenden,0,#N/A,Vermont,32,10,4,3,Chittenden Vermont,50007,156545,562
Windsor,0,#N/A,Vermont,12,4,1,,Windsor Vermont,50027,56670,60
Addison,0,#N/A,Vermont,6,3,0,,Addison Vermont,50001,36821,25
Windham,0,#N/A,Vermont,5,,0,,Windham Vermont,50025,44513,229
Bennington,0,#N/A,Vermont,4,,0,,Bennington Vermont,50003,37125,99
Rutland,0,#N/A,Vermont,4,1,0,,Rutland Vermont,50021,61642,123
Washington,0,#N/A,Vermont,3,1,0,,Washington Vermont,50023,59534,147
Orange,0,#N/A,Vermont,3,,0,,Orange Vermont,50017,28936,25
Franklin,0,#N/A,Vermont,2,,0,,Franklin Vermont,50011,47746,70
Orleans,0,#N/A,Vermont,2,2,0,,Orleans Vermont,50019,27231,25
Lamoille,0,#N/A,Vermont,1,1,0,,Lamoille Vermont,50015,24475,25
Caledonia,0,#N/A,Vermont,1,1,0,,Caledonia Vermont,50005,31227,25
category Idaho,1,#N/A,Idaho,68,17,0,,category Idaho Idaho,#N/A,#N/A,#N/A
Blaine,0,#N/A,Idaho,35,14,0,,Blaine Idaho,16013,21376,25
Ada,0,#N/A,Idaho,13,,0,,Ada Idaho,16001,392365,1354
Kootenai,0,#N/A,Idaho,6,,0,,Kootenai Idaho,16055,138494,396
Canyon,0,#N/A,Idaho,3,,0,,Canyon Idaho,16027,188923,302
Madison,0,#N/A,Idaho,2,,0,,Madison Idaho,16065,37536,69
Teton,0,#N/A,Idaho,2,,0,,Teton Idaho,16081,10170,13
Bingham,0,#N/A,Idaho,2,,0,,Bingham Idaho,16011,45607,153
Bannock,0,#N/A,Idaho,2,2,0,,Bannock Idaho,16005,82839,219
Twin Falls,0,#N/A,Idaho,1,,0,,Twin Falls Idaho,16083,77230,253
Valley,0,#N/A,Idaho,1,,0,,Valley Idaho,16085,9862,25
Cassia,0,#N/A,Idaho,1,1,0,,Cassia Idaho,16031,22952,25
category Delaware,1,#N/A,Delaware,68,12,0,,category Delaware Delaware,#N/A,#N/A,#N/A
New Castle,0,#N/A,Delaware,44,5,0,,New Castle Delaware,10003,538479,2016
Sussex,0,#N/A,Delaware,18,6,0,,Sussex Delaware,10005,197145,476
Kent,0,#N/A,Delaware,6,1,0,,Kent Delaware,10001,162310,288
category Nebraska,1,#N/A,Nebraska,52,1,0,,category Nebraska Nebraska,#N/A,#N/A,#N/A
Douglas,0,#N/A,Nebraska,34,,0,,Douglas Nebraska,31055,517110,3068
Sarpy,0,#N/A,Nebraska,5,,0,,Sarpy Nebraska,31153,158840,176
Lincoln,0,#N/A,Nebraska,3,,0,,Lincoln Nebraska,31111,36288,116
Knox,0,#N/A,Nebraska,2,,0,,Knox Nebraska,31107,8701,23
Lancaster,0,#N/A,Nebraska,2,,0,,Lancaster Nebraska,31109,285407,1354
Buffalo,0,#N/A,Nebraska,2,,0,,Buffalo Nebraska,31019,46102,322
Cass,0,#N/A,Nebraska,1,,0,,Cass Nebraska,31025,25241,0
Adams,0,#N/A,Nebraska,1,,0,,Adams Nebraska,31001,31364,161
Nemaha,0,#N/A,Nebraska,1,,0,,Nemaha Nebraska,31127,7248,16
Gage,0,#N/A,Nebraska,1,1,0,,Gage Nebraska,31067,22311,25
category Diamond Princess,1,#N/A,Diamond Princess,49,,0,,category Diamond Princess Diamond Princess,#N/A,#N/A,#N/A
Unassigned,2,#N/A,Diamond Princess,44,,0,,Unassigned Diamond Princess,#N/A,#N/A,#N/A
Sonoma,2,#N/A,Diamond Princess,2,,0,,Sonoma Diamond Princess,#N/A,#N/A,#N/A
Riverside,2,#N/A,Diamond Princess,2,,0,,Riverside Diamond Princess,#N/A,#N/A,#N/A
San Diego,2,#N/A,Diamond Princess,1,,0,,San Diego Diamond Princess,#N/A,#N/A,#N/A
category Montana,1,#N/A,Montana,46,12,0,,category Montana Montana,#N/A,#N/A,#N/A
Gallatin,0,#N/A,Montana,16,6,0,,Gallatin Montana,30031,89513,90
Yellowstone,0,#N/A,Montana,7,1,0,,Yellowstone Montana,30111,147972,630
Missoula,0,#N/A,Montana,6,3,0,,Missoula Montana,30063,109299,404
Flathead,0,#N/A,Montana,4,2,0,,Flathead Montana,30029,90928,231
Cascade,0,#N/A,Montana,3,,0,,Cascade Montana,30013,81327,436
Lewis and Clark,0,#N/A,Montana,3,,0,,Lewis and Clark Montana,30049,63395,143
Silver Bow,0,#N/A,Montana,2,,0,,Silver Bow Montana,30093,34200,206
Unassigned,2,#N/A,Montana,1,,0,,Unassigned Montana,#N/A,#N/A,#N/A
Madison,0,#N/A,Montana,1,,0,,Madison Montana,30057,7691,20
Broadwater,0,#N/A,Montana,1,,0,,Broadwater Montana,30007,5612,44
Ravalli,0,#N/A,Montana,1,,0,,Ravalli Montana,30081,40212,37
Roosevelt,0,#N/A,Montana,1,,0,,Roosevelt Montana,30085,10425,45
category North Dakota,1,#N/A,North Dakota,33,3,0,,category North Dakota North Dakota,#N/A,#N/A,#N/A
Burleigh,0,#N/A,North Dakota,16,,0,,Burleigh North Dakota,38015,81308,510
Morton,0,#N/A,North Dakota,7,,0,,Morton North Dakota,38059,27471,41
Ward,0,#N/A,North Dakota,3,,0,,Ward North Dakota,38101,61675,527
Unassigned,2,#N/A,North Dakota,3,3,0,,Unassigned North Dakota,#N/A,#N/A,#N/A
Pierce,0,#N/A,North Dakota,2,,0,,Pierce North Dakota,38069,4357,25
Cass,0,#N/A,North Dakota,1,,0,,Cass North Dakota,38017,149778,1262
Ramsey,0,#N/A,North Dakota,1,,0,,Ramsey North Dakota,38071,11451,25
category Alaska,1,#N/A,Alaska,32,,0,,category Alaska Alaska,#N/A,#N/A,#N/A
Anchorage,0,#N/A,Alaska,13,,0,,Anchorage Alaska,02020,291826,988
Fairbanks North Star,0,#N/A,Alaska,7,,0,,Fairbanks North Star Alaska,02090,97581,217
Ketchikan Gateway,0,#N/A,Alaska,6,,0,,Ketchikan Gateway Alaska,02130,13477,54
Matanuska-Susitna Borough,0,Matanuska-Susitna Alaska,Alaska,2,,0,,Matanuska-Susitna Borough Alaska,02170,88995,74
Kenai Peninsula,0,#N/A,Alaska,3,,0,,Kenai Peninsula Alaska,02122,55400,204
Soldotna,0,3 combined with Kenai Peninsula ,Alaska,1,,0,,Soldotna Alaska,#N/A,#N/A,#N/A
Sterling,0,3 combined with Kenai Peninsula ,Alaska,1,,0,,Sterling Alaska,#N/A,#N/A,#N/A
Juneau,0,#N/A,Alaska,1,,0,,Juneau Alaska,02110,31275,0
category Puerto Rico,1,#N/A,Puerto Rico,31,8,2,1,category Puerto Rico Puerto Rico,#N/A,#N/A,#N/A
Puerto Rico,2,#N/A,Puerto Rico,31,8,2,1,Puerto Rico Puerto Rico,#N/A,#N/A,#N/A
category Guam,1,#N/A,Guam,29,2,1,,category Guam Guam,#N/A,#N/A,#N/A
Guam,0,#N/A,Guam,29,2,1,,Guam Guam,66010,#N/A,158
category Grand Princess,1,#N/A,Grand Princess,28,,1,,category Grand Princess Grand Princess,#N/A,#N/A,#N/A
Unassigned,2,#N/A,Grand Princess,20,,0,,Unassigned Grand Princess,#N/A,#N/A,#N/A
Solano,2,#N/A,Grand Princess,7,,0,,Solano Grand Princess,#N/A,#N/A,#N/A
San Diego,2,#N/A,Grand Princess,1,,0,,San Diego Grand Princess,#N/A,#N/A,#N/A
Grand Princess,2,#N/A,Grand Princess,0,,1,,Grand Princess Grand Princess,#N/A,#N/A,#N/A
category South Dakota,1,#N/A,South Dakota,28,7,1,,category South Dakota South Dakota,#N/A,#N/A,#N/A
Beadle,0,#N/A,South Dakota,12,2,0,,Beadle South Dakota,46005,17398,25
Minnehaha,0,#N/A,South Dakota,5,,0,,Minnehaha South Dakota,46099,169468,1150
Davison,0,#N/A,South Dakota,2,1,0,,Davison South Dakota,46035,19504,67
McCook,0,#N/A,South Dakota,2,1,0,,McCook South Dakota,46087,5618,0
Bon Homme,0,#N/A,South Dakota,1,,0,,Bon Homme South Dakota,46009,7070,50
Pennington,0,#N/A,South Dakota,1,,1,,Pennington South Dakota,46103,100948,509
Charles Mix,0,#N/A,South Dakota,1,,0,,Charles Mix South Dakota,46023,9129,37
Brown,0,#N/A,South Dakota,1,,0,,Brown South Dakota,46013,36531,157
Codington,0,#N/A,South Dakota,1,1,0,,Codington South Dakota,46029,27227,81
Hughes,0,#N/A,South Dakota,1,1,0,,Hughes South Dakota,46065,17022,50
Lyman,0,#N/A,South Dakota,1,1,0,,Lyman South Dakota,46085,3755,0
category Wyoming,1,#N/A,Wyoming,26,,0,,category Wyoming Wyoming,#N/A,#N/A,#N/A
Fremont,0,#N/A,Wyoming,10,,0,,Fremont Wyoming,56013,40123,248
Laramie,0,#N/A,Wyoming,6,,0,,Laramie Wyoming,56021,91738,206
Sheridan,0,#N/A,Wyoming,4,,0,,Sheridan Wyoming,56033,29116,88
Teton,0,#N/A,Wyoming,2,,0,,Teton Wyoming,56039,21294,48
Park,0,#N/A,Wyoming,1,,0,,Park Wyoming,56029,28205,50
Campbell,0,#N/A,Wyoming,1,,0,,Campbell Wyoming,56005,46133,90
Natrona,0,#N/A,Wyoming,1,,0,,Natrona Wyoming,56025,75450,377
Carbon,0,#N/A,Wyoming,1,,0,,Carbon Wyoming,56007,15885,25
category US Virgin Islands,1,#N/A,US Virgin Islands,17,11,0,,category US Virgin Islands US Virgin Islands,#N/A,#N/A,#N/A
Unassigned,2,#N/A,US Virgin Islands,17,11,0,,Unassigned US Virgin Islands,#N/A,#N/A,#N/A
category West Virginia,1,#N/A,West Virginia,16,,0,,category West Virginia West Virginia,#N/A,#N/A,#N/A
Jefferson,0,#N/A,West Virginia,3,,0,,Jefferson West Virginia,54037,53498,25
Kanawha,0,#N/A,West Virginia,3,,0,,Kanawha West Virginia,54039,193063,763
Mercer,0,#N/A,West Virginia,2,,0,,Mercer West Virginia,54055,62264,419
Tucker,0,#N/A,West Virginia,2,,0,,Tucker West Virginia,54093,7141,0
Monongalia,0,#N/A,West Virginia,2,,0,,Monongalia West Virginia,54061,96189,940
Marshall,0,#N/A,West Virginia,2,,0,,Marshall West Virginia,54051,33107,127
Jackson,0,#N/A,West Virginia,1,,0,,Jackson West Virginia,54035,29211,46
Putnam,0,#N/A,West Virginia,1,,0,,Putnam West Virginia,54079,55486,70
category Wuhan Evacuee,1,#N/A,Wuhan Evacuee,4,,0,,category Wuhan Evacuee Wuhan Evacuee,#N/A,#N/A,#N/A
Unassigned,2,#N/A,Wuhan Evacuee,4,,0,,Unassigned Wuhan Evacuee,#N/A,#N/A,#N/A